No.,Ticker,Perf Week,Perf Month,Perf Quart,Perf Half,Perf Year,Perf YTD,Volatility W,Volatility M,Recom,Avg Volume,Rel Volume,Price,Change,Volume
1,ABEO,17.76%,19.82%,-56.51%,-78.09%,-88.11%,-16.77%,13.63%,10.52%,2.30,3.67M,1.21,0.27,-2.99%,"1,362,856"
2,ABSI,10.61%,48.24%,-15.79%,-49.04%,-,13.17%,11.83%,8.47%,2.70,1.38M,0.23,9.33,0.54%,"98,422"
3,ABUS,-3.73%,22.53%,-1.27%,-8.28%,-19.06%,-20.31%,10.73%,8.29%,2.00,5.51M,0.50,3.10,-0.16%,"841,791"
4,ACB,-5.91%,-6.39%,-43.17%,-48.74%,-66.82%,-32.35%,7.76%,7.93%,3.50,5.63M,0.89,3.61,-1.37%,"1,542,018"
5,ACCD,-1.23%,-3.76%,-36.46%,-64.23%,-63.72%,-35.93%,9.28%,7.74%,1.40,1.02M,0.40,16.21,-4.03%,"125,905"
6,ACET,-2.13%,6.16%,30.36%,55.12%,-21.21%,-29.05%,9.12%,8.25%,1.40,1.27M,0.06,12.44,0.24%,"22,993"
7,ACHR,7.14%,11.31%,-48.11%,-68.50%,-74.51%,-47.85%,8.49%,7.90%,2.30,2.21M,0.39,3.10,-1.59%,"267,584"
8,ACRX,16.56%,1.00%,-30.14%,-61.57%,-77.26%,-22.47%,15.49%,11.06%,2.00,1.10M,0.44,0.44,1.89%,"147,727"
9,ACST,2.73%,0.89%,-15.67%,-64.78%,-79.84%,-10.32%,6.99%,6.49%,1.00,1.58M,0.09,1.13,0.00%,"42,631"
10,ADGI,1.40%,-3.83%,-86.08%,-79.84%,-,-10.19%,9.92%,14.28%,3.20,8.61M,0.22,6.20,-4.91%,"579,916"
11,ADMA,6.49%,18.84%,13.10%,23.31%,-30.80%,16.31%,5.47%,5.74%,1.70,1.98M,0.95,1.66,1.22%,"576,873"
12,ADMP,13.53%,14.67%,-13.73%,-35.90%,-39.37%,11.24%,9.25%,6.92%,3.00,1.91M,0.92,0.67,-0.45%,"543,747"
13,ADTX,2.46%,-6.82%,-67.22%,-79.32%,-87.99%,-27.85%,12.75%,10.21%,2.00,1.66M,0.52,0.40,2.69%,"266,371"
14,ADVM,-1.87%,-15.16%,-29.68%,-44.98%,-89.18%,-25.28%,6.38%,4.97%,2.80,1.16M,0.37,1.30,-1.04%,"133,688"
15,ADXS,-4.27%,-27.55%,-73.39%,-76.20%,-87.17%,-31.56%,21.37%,12.83%,2.00,2.26M,0.15,0.10,-4.04%,"104,364"
16,AEHR,9.40%,15.55%,-28.18%,90.30%,350.34%,-45.62%,9.68%,9.23%,-,1.21M,0.59,13.38,1.75%,"219,954"
17,AEI,12.14%,-2.04%,-77.67%,-83.86%,-97.61%,-41.58%,14.66%,10.55%,2.50,2.91M,0.92,0.33,-0.21%,"826,773"
18,AERC,-0.23%,-1.83%,-96.35%,-,-,-59.12%,10.20%,10.93%,-,1.82M,0.03,4.40,2.80%,"15,433"
19,AERI,45.70%,22.54%,-11.39%,-41.60%,-57.17%,20.80%,10.31%,7.17%,2.00,1.24M,0.56,8.51,0.35%,"212,614"
20,AEVA,-4.75%,-11.74%,-57.77%,-56.60%,-72.75%,-44.31%,9.37%,6.97%,1.80,1.68M,0.79,4.05,-3.92%,"412,575"
21,AFMD,3.78%,14.03%,-36.56%,-37.91%,-22.57%,-20.47%,6.19%,5.71%,1.60,1.22M,0.47,4.43,1.03%,"178,112"
22,AGEN,-2.26%,-1.52%,-17.78%,-60.94%,-29.23%,-19.57%,6.86%,6.52%,1.70,4.19M,1.11,2.87,10.62%,"1,434,635"
23,AGRX,6.04%,-7.41%,-46.99%,-74.39%,-88.29%,-38.09%,12.33%,10.99%,1.70,1.25M,0.22,0.30,-1.52%,"84,067"
24,AHCO,1.21%,-10.91%,-20.95%,-32.97%,-50.44%,-34.91%,9.14%,6.32%,1.40,1.01M,1.04,15.82,-0.63%,"325,387"
25,AHT,-13.20%,11.48%,-28.80%,-45.07%,-76.59%,-17.08%,11.75%,9.08%,2.70,1.45M,0.95,8.36,5.03%,"426,116"
26,AIKI,4.01%,-10.59%,-42.31%,-45.84%,-64.62%,-27.07%,11.63%,7.18%,2.00,1.34M,0.35,0.43,0.44%,"143,533"
27,AIV,0.58%,2.20%,-8.40%,-1.97%,45.42%,-9.59%,4.80%,3.60%,1.00,1.63M,1.12,7.29,4.44%,"560,374"
28,AKBA,9.14%,12.57%,-17.94%,-23.76%,-39.09%,-4.87%,7.26%,6.52%,2.10,3.49M,1.44,2.32,7.91%,"1,550,671"
29,ALDX,2.90%,13.70%,-45.53%,-57.28%,-68.62%,-2.50%,8.20%,7.49%,1.50,1.28M,0.24,3.99,2.31%,"94,740"
30,ALHC,7.79%,29.25%,-49.22%,-53.63%,-,-39.97%,8.70%,8.30%,2.10,1.06M,0.33,8.36,-0.95%,"105,797"
31,ALLK,-4.73%,-14.87%,-93.11%,-93.75%,-95.31%,-44.43%,7.49%,6.62%,3.00,5.01M,0.36,5.70,4.78%,"548,603"
32,ALLO,-11.63%,-19.11%,-51.71%,-64.43%,-75.18%,-42.43%,9.18%,6.88%,1.90,1.62M,1.61,8.60,0.12%,"804,501"
33,ALNA,14.64%,25.50%,-35.43%,-56.24%,-73.59%,-24.66%,10.54%,8.36%,1.50,1.78M,0.31,0.45,1.03%,"169,039"
34,ALPP,-8.93%,4.08%,-39.53%,-40.70%,-73.76%,-20.31%,8.28%,10.62%,-,1.34M,0.44,1.56,1.84%,"181,169"
35,ALTO,13.10%,17.87%,10.55%,20.04%,-17.21%,22.04%,6.94%,5.75%,1.70,1.66M,1.32,5.98,1.87%,"676,768"
36,ALZN,5.08%,-13.89%,-44.14%,-59.74%,-,-34.74%,8.11%,7.53%,2.00,3.28M,0.14,1.20,-3.30%,"138,571"
37,AMPE,3.41%,-9.00%,-58.26%,-71.91%,-72.42%,-20.18%,10.81%,8.12%,2.00,1.76M,1.07,0.47,2.55%,"578,296"
38,AMRN,-0.31%,-5.06%,-10.39%,-42.42%,-47.10%,-5.34%,6.41%,5.15%,2.30,3.91M,0.57,3.28,2.66%,"683,686"
39,AMRS,14.11%,17.20%,-28.59%,-68.54%,-76.09%,-11.83%,11.74%,9.76%,-,6.61M,1.63,5.28,10.59%,"3,310,134"
40,AMWL,-3.22%,-13.30%,-42.33%,-62.97%,-84.10%,-35.26%,9.18%,7.23%,2.80,3.29M,1.17,3.82,-2.43%,"1,190,731"
41,ANY,-3.75%,17.56%,-54.26%,-63.91%,-9.41%,-25.96%,11.16%,12.83%,2.00,6.04M,0.63,2.23,-3.46%,"1,170,555"
42,API,17.17%,25.56%,-43.09%,-61.48%,-80.66%,-27.58%,12.07%,8.99%,2.00,1.24M,0.88,11.24,-4.22%,"338,439"
43,APM,-13.13%,-24.04%,-24.46%,-46.12%,-55.16%,-7.33%,11.67%,10.65%,2.00,2.70M,0.12,1.54,10.78%,"100,864"
44,APPH,18.94%,5.29%,-29.25%,-58.32%,-88.22%,-7.97%,13.22%,8.92%,1.70,1.53M,0.93,3.70,3.34%,"436,157"
45,APRN,-3.33%,-25.11%,-48.27%,27.94%,-40.68%,-22.44%,8.39%,10.61%,1.00,1.41M,0.40,5.61,7.47%,"173,560"
46,APTS,-1.37%,53.65%,86.37%,103.13%,206.92%,40.03%,1.25%,3.89%,-,1.28M,2.77,25.50,0.83%,"1,095,032"
47,AQB,10.49%,-1.25%,-39.69%,-65.20%,-78.62%,-24.76%,9.15%,6.68%,1.70,1.11M,0.80,1.57,-0.95%,"272,411"
48,ARCO,10.60%,25.28%,57.65%,41.61%,52.00%,36.02%,5.15%,3.85%,2.40,1.15M,1.19,7.74,-2.33%,"422,968"
49,ARDS,-19.74%,-6.63%,-21.46%,-50.94%,-71.45%,-21.46%,11.64%,15.05%,2.00,2.48M,0.10,1.88,2.73%,"78,477"
50,ARDX,6.81%,-8.29%,-15.56%,-49.44%,-89.25%,-33.82%,12.73%,8.21%,2.00,12.82M,2.16,0.86,18.48%,"8,543,123"
51,AREB,0.64%,-71.79%,-71.79%,-65.89%,-74.35%,-72.12%,14.88%,25.44%,-,1.79M,1.68,1.50,-5.06%,"930,133"
52,ARI,0.93%,-2.18%,-6.54%,-15.80%,-4.83%,-1.22%,3.32%,2.83%,3.00,1.31M,0.50,13.21,1.62%,"201,326"
53,ARLO,2.12%,4.83%,9.60%,41.83%,15.12%,-17.25%,7.32%,5.13%,2.40,1.07M,11.60,11.37,30.95%,"3,813,395"
54,ARR,-1.69%,-11.53%,-18.70%,-24.72%,-33.90%,-17.13%,4.34%,3.09%,3.20,2.40M,0.94,8.15,0.25%,"694,076"
55,ARRY,36.60%,21.70%,-48.71%,-38.05%,-69.24%,-25.30%,10.00%,7.75%,2.30,3.53M,3.87,9.29,-20.73%,"4,211,074"
56,ASRT,-7.56%,-3.93%,50.68%,103.70%,-48.60%,0.92%,7.84%,8.25%,2.00,1.03M,0.43,2.31,4.91%,"138,223"
57,ASTR,8.95%,-21.61%,-69.28%,-64.07%,-75.92%,-50.79%,10.33%,14.72%,3.00,6.33M,0.41,3.38,-0.88%,"791,797"
58,ASXC,-0.16%,-18.36%,-50.15%,-66.61%,-82.20%,-37.13%,11.74%,9.39%,2.00,3.27M,1.25,0.68,-2.97%,"1,257,096"
59,ATAI,5.84%,17.41%,-47.22%,-63.59%,-,-23.98%,7.80%,8.01%,1.80,1.15M,0.69,5.60,-3.45%,"245,631"
60,ATER,-5.52%,4.68%,-43.93%,-56.04%,-93.38%,-29.20%,10.43%,10.10%,-,2.99M,1.14,2.73,-6.25%,"1,045,845"
61,ATHE,6.54%,1.89%,-16.18%,-36.19%,-47.87%,18.75%,8.37%,8.31%,-,2.43M,0.05,0.82,-3.87%,"35,432"
62,ATHX,-3.31%,4.56%,-12.04%,-44.96%,-55.36%,-0.60%,7.89%,8.20%,2.20,1.46M,0.66,0.86,-3.72%,"295,281"
63,ATIP,-22.86%,-37.42%,-47.50%,-54.46%,-81.32%,-44.25%,16.25%,8.65%,3.00,1.55M,1.67,1.79,-5.03%,"798,683"
64,ATOS,7.44%,4.84%,-39.53%,-63.17%,-52.03%,-18.75%,9.74%,8.51%,2.00,2.59M,0.62,1.31,0.77%,"495,113"
65,ATXI,158.13%,-12.09%,-45.35%,-63.89%,-88.29%,-33.19%,44.87%,23.57%,3.00,3.94M,14.14,0.61,1.35%,"17,152,270"
66,AUPH,-23.99%,-23.36%,-34.51%,-29.44%,-16.71%,-47.49%,9.36%,7.33%,1.60,3.70M,5.74,10.49,-12.66%,"6,544,575"
67,AVCT,-4.70%,-21.92%,-46.05%,-78.96%,-85.69%,-63.37%,18.37%,12.51%,-,21.61M,0.08,0.89,-0.38%,"521,627"
68,AVGR,42.93%,17.96%,-45.97%,-62.83%,-80.49%,-25.87%,12.29%,9.49%,2.00,1.79M,1.96,0.31,-8.45%,"1,083,733"
69,AVIR,9.31%,-5.00%,-17.60%,-78.82%,-91.01%,-27.74%,9.49%,6.63%,2.40,1.30M,0.72,6.58,1.86%,"289,834"
70,AVXL,-1.96%,-13.48%,-48.48%,-43.20%,-24.35%,-39.27%,8.84%,8.26%,1.70,1.22M,0.66,10.85,3.04%,"247,165"
71,AVYA,-1.12%,-23.45%,-35.05%,-35.40%,-56.01%,-33.08%,6.66%,6.87%,2.40,1.44M,0.26,13.42,1.28%,"115,438"
72,AWH,1.94%,-2.78%,-48.78%,-70.91%,-85.96%,-40.68%,9.84%,8.63%,1.50,1.02M,0.22,1.02,-2.86%,"70,405"
73,AXL,7.21%,8.03%,-7.83%,-4.07%,-19.16%,-9.11%,6.81%,5.32%,2.70,1.58M,0.99,8.62,1.65%,"480,678"
74,AZUL,-15.14%,-7.13%,10.79%,-35.87%,-32.00%,6.59%,5.81%,4.87%,2.70,2.17M,0.98,14.24,1.21%,"656,247"
75,BARK,7.32%,-8.33%,-43.59%,-61.69%,-75.75%,-27.01%,10.93%,9.59%,1.00,3.12M,0.58,3.02,-1.95%,"561,594"
76,BBBY,21.77%,7.34%,-17.43%,-41.39%,-39.88%,14.33%,11.68%,8.51%,3.30,6.58M,0.61,17.38,4.26%,"1,234,781"
77,BBI,-3.72%,5.12%,-29.51%,-68.31%,-82.73%,-4.94%,10.39%,11.14%,1.50,7.53M,2.36,0.22,1.29%,"5,468,992"
78,BBIG,-18.24%,-17.12%,-20.13%,-65.72%,-11.68%,1.68%,11.99%,11.34%,-,36.03M,0.54,2.40,-0.62%,"5,943,908"
79,BBIO,7.04%,-7.52%,-78.02%,-82.79%,-87.37%,-49.88%,9.22%,7.24%,1.60,4.39M,0.27,8.24,-1.44%,"365,988"
80,BBLG,-13.40%,-12.23%,-55.96%,-96.32%,-,-48.58%,6.53%,9.29%,-,1.35M,0.01,1.83,1.10%,"5,013"
81,BCDA,-0.45%,52.08%,2.34%,-25.76%,-44.27%,12.89%,9.30%,15.23%,2.20,1.49M,0.06,2.13,-2.74%,"27,829"
82,BDSI,-0.18%,51.37%,96.45%,46.56%,31.28%,78.71%,0.69%,2.06%,2.10,3.13M,0.44,5.56,0.36%,"420,263"
83,BEST,-11.91%,6.58%,-32.43%,-39.48%,-68.93%,-18.26%,15.91%,12.53%,3.70,1.67M,0.74,0.67,-3.74%,"378,542"
84,BFLY,-5.23%,-5.96%,-31.22%,-59.32%,-72.95%,-26.91%,12.11%,8.11%,2.50,3.20M,1.23,4.75,-2.86%,"1,211,254"
85,BFRI,1.43%,-6.91%,-60.14%,-,-,-62.37%,14.42%,12.28%,2.00,11.62M,0.02,2.90,2.47%,"63,322"
86,BGCP,0.43%,11.84%,0.65%,-9.75%,5.95%,-0.43%,3.49%,3.57%,2.50,2.18M,0.56,4.74,2.38%,"376,510"
87,BGRY,9.80%,4.02%,-42.95%,-61.07%,-69.20%,-38.91%,8.18%,7.01%,2.00,1.05M,0.64,3.36,-0.15%,"207,293"
88,BIG,-2.20%,-14.12%,-22.09%,-33.19%,-44.19%,-24.00%,6.75%,5.34%,3.10,1.08M,1.74,36.75,7.33%,"577,698"
89,BIGC,-10.89%,-28.01%,-52.88%,-64.19%,-64.76%,-38.22%,11.16%,8.42%,2.20,1.65M,1.07,22.08,1.05%,"542,701"
90,BIOL,-5.65%,3.30%,-20.57%,-54.85%,-63.62%,-10.00%,9.78%,7.97%,1.70,2.52M,0.50,0.35,-0.43%,"386,689"
91,BIRD,-11.20%,-35.40%,-59.56%,-,-,-49.54%,12.96%,9.14%,1.80,1.74M,2.33,7.13,-6.31%,"1,253,514"
92,BITF,26.73%,20.30%,-48.73%,-32.38%,-25.10%,-20.20%,13.47%,10.52%,-,7.28M,1.64,4.10,1.74%,"3,690,867"
93,BJDX,4.33%,-36.47%,-70.33%,-,-,-61.29%,12.77%,11.20%,-,1.88M,0.05,1.03,3.92%,"29,846"
94,BKD,2.91%,28.00%,6.67%,-1.75%,17.48%,30.23%,4.67%,5.86%,2.70,2.71M,0.55,6.74,0.30%,"462,444"
95,BKKT,3.55%,53.46%,-63.84%,-44.60%,-63.12%,-34.90%,19.04%,19.13%,3.00,11.07M,0.79,5.45,-1.62%,"2,690,212"
96,BLDE,0.00%,27.69%,-15.91%,-16.20%,-49.76%,-18.01%,7.87%,7.34%,1.60,1.04M,0.44,7.22,-0.28%,"142,933"
97,BLI,13.66%,-13.68%,-62.36%,-79.43%,-87.76%,-58.36%,9.26%,9.13%,2.10,1.70M,0.49,7.39,-2.38%,"254,606"
98,BLNK,7.76%,28.69%,-36.69%,-22.18%,-35.98%,-8.30%,8.80%,7.96%,2.40,1.78M,0.44,24.44,0.53%,"241,358"
99,BLU,0.78%,11.63%,9.17%,75.20%,65.30%,-20.12%,9.11%,6.28%,1.70,3.34M,0.07,6.34,-1.40%,"69,759"
100,BLUE,-8.02%,-25.37%,-45.60%,-51.36%,-71.81%,-43.74%,7.76%,6.38%,3.00,2.34M,0.94,5.70,1.33%,"680,786"
101,BNGO,9.64%,11.34%,-45.04%,-62.30%,-77.22%,-27.76%,11.94%,9.33%,1.20,8.47M,2.15,2.09,-3.47%,"5,611,470"
102,BODY,-2.51%,18.29%,-25.95%,-73.53%,-83.95%,-18.14%,11.36%,9.35%,3.00,1.49M,2.08,2.24,15.47%,"950,680"
103,BOXL,-5.79%,10.68%,-30.49%,-56.32%,-58.70%,-17.39%,7.72%,7.38%,2.00,1.06M,0.55,1.13,-0.99%,"181,228"
104,BRMK,-3.57%,-8.91%,-9.60%,-20.34%,-18.40%,-11.13%,3.76%,2.38%,2.50,1.14M,0.94,8.30,-1.00%,"331,960"
105,BRQS,0.50%,-7.29%,-42.86%,-61.15%,-81.37%,-19.44%,12.86%,8.34%,-,2.00M,0.43,0.31,1.80%,"266,560"
106,BSFC,5.29%,-25.10%,-40.33%,-69.92%,-,9.82%,12.22%,11.07%,-,1.53M,0.10,1.74,-2.91%,"46,760"
107,BSIG,-4.74%,11.00%,-24.11%,-15.23%,21.51%,-9.77%,4.08%,3.69%,2.70,1.29M,0.28,24.09,4.29%,"111,204"
108,BTB,0.17%,1.58%,-58.77%,-65.43%,-91.58%,-37.26%,12.52%,11.51%,-,1.44M,0.41,0.37,1.67%,"181,604"
109,BTBT,5.42%,7.46%,-60.43%,-69.63%,-75.13%,-36.02%,12.33%,11.01%,2.00,3.59M,1.46,3.76,-3.34%,"1,621,554"
110,BTCS,-4.12%,-16.53%,-38.56%,-46.66%,-57.24%,33.44%,11.89%,9.03%,-,2.68M,0.10,4.21,0.48%,"80,565"
111,BVXV,9.24%,-0.76%,-28.82%,-47.58%,-69.77%,-44.68%,10.73%,7.69%,-,3.48M,0.01,1.29,-0.77%,"13,522"
112,BYSI,-9.69%,-22.59%,-82.09%,-91.55%,-82.12%,-48.57%,9.56%,7.42%,2.70,1.28M,0.24,2.40,3.00%,"93,634"
113,BZUN,-1.10%,-7.47%,-27.43%,-50.96%,-77.29%,-22.52%,8.19%,6.81%,2.30,1.03M,0.80,10.84,0.65%,"253,339"
114,CALA,-1.20%,12.55%,-43.97%,-80.08%,-83.68%,-29.34%,10.40%,12.27%,2.50,1.61M,0.06,0.49,3.38%,"28,538"
115,CAN,5.77%,41.49%,-39.55%,-43.64%,-75.07%,3.30%,11.32%,9.19%,-,3.64M,0.97,5.34,0.35%,"1,084,140"
116,CANF,6.31%,2.61%,0.00%,-36.22%,-41.29%,-8.53%,8.65%,5.67%,2.00,4.05M,0.05,1.15,-2.40%,"68,543"
117,CBAT,10.43%,12.39%,-36.82%,-60.31%,-77.95%,-18.59%,9.28%,8.21%,-,1.21M,0.46,1.28,0.79%,"172,734"
118,CCO,1.07%,26.09%,20.45%,47.84%,104.89%,13.90%,10.12%,6.62%,2.60,2.59M,1.33,3.90,3.58%,"1,066,857"
119,CCXI,-1.24%,16.63%,-20.16%,90.93%,-56.93%,-19.09%,7.40%,6.07%,1.60,1.30M,6.98,22.81,-22.59%,"2,804,284"
120,CDE,8.79%,2.46%,-19.22%,-33.53%,-48.13%,-9.13%,6.79%,5.92%,2.30,5.56M,1.50,4.34,-5.13%,"2,561,473"
121,CEI,40.07%,13.72%,-49.82%,16.94%,-54.48%,-25.02%,27.25%,11.68%,-,28.30M,2.11,0.64,-0.28%,"18,444,438"
122,CELZ,-9.95%,-18.10%,-63.79%,-87.93%,-90.70%,-22.17%,11.75%,11.54%,-,3.01M,0.02,1.77,2.79%,"18,512"
123,CENN,3.17%,-17.72%,-86.42%,-88.05%,-91.59%,-75.75%,16.70%,11.65%,-,6.89M,0.70,1.32,1.15%,"1,494,419"
124,CERS,9.71%,14.51%,-16.88%,-9.58%,-10.84%,-15.42%,7.38%,5.47%,1.40,1.71M,0.66,5.88,2.08%,"346,450"
125,CFMS,12.21%,16.75%,-25.27%,-59.13%,-44.71%,-13.58%,9.36%,9.71%,1.30,1.29M,0.20,0.67,1.41%,"79,991"
126,CFVI,-9.59%,3.48%,21.72%,22.73%,-,9.70%,6.75%,11.26%,-,9.60M,0.32,12.25,3.11%,"961,241"
127,CGEN,12.81%,-5.65%,-29.08%,-53.11%,-66.31%,-26.28%,8.04%,7.04%,-,1.06M,0.94,3.21,1.26%,"308,767"
128,CHEK,-34.50%,-15.87%,-53.31%,-63.83%,-73.13%,-42.64%,8.88%,9.39%,2.50,1.22M,5.09,0.40,3.90%,"1,915,552"
129,CHS,7.00%,7.97%,-14.59%,-18.84%,78.87%,-11.90%,8.30%,6.54%,3.00,1.89M,1.91,4.99,5.27%,"1,114,625"
130,CIDM,-5.49%,-2.35%,-50.56%,-60.29%,-43.44%,-35.64%,12.24%,11.12%,2.00,3.65M,0.56,0.78,4.26%,"627,736"
131,CKPT,-4.37%,-28.86%,-45.14%,-44.62%,-47.60%,-43.73%,7.86%,6.66%,1.80,1.49M,0.52,1.76,0.57%,"241,123"
132,CLM,3.04%,-0.29%,-0.79%,8.44%,5.63%,-2.87%,2.82%,1.88%,-,1.50M,1.49,14.10,1.60%,"688,694"
133,CLNE,24.25%,30.58%,2.62%,-5.23%,-43.84%,21.21%,9.08%,6.04%,2.70,3.83M,1.19,7.41,-0.20%,"1,401,222"
134,CLOV,32.84%,17.32%,-46.65%,-68.04%,-70.02%,-27.15%,11.24%,9.43%,3.60,14.52M,0.86,2.67,-1.48%,"3,825,928"
135,CLSK,22.06%,76.24%,-39.90%,-21.70%,-63.42%,12.18%,15.81%,13.40%,1.50,2.49M,1.00,10.65,-0.28%,"770,767"
136,CLVS,15.38%,1.04%,-36.89%,-59.63%,-65.91%,-28.04%,12.77%,9.25%,3.20,4.36M,0.84,1.88,-3.85%,"1,127,296"
137,CNDT,-4.67%,-2.81%,-14.31%,-36.13%,-26.39%,-15.92%,6.21%,5.70%,3.00,2.07M,0.71,4.60,2.45%,"450,810"
138,CNSP,-2.27%,-43.08%,-70.08%,-79.99%,-87.88%,-52.72%,26.29%,14.72%,2.00,1.08M,2.50,0.33,-0.33%,"827,552"
139,CNTX,2.67%,-1.03%,-65.59%,-,-,-27.82%,8.37%,7.38%,-,2.22M,0.04,1.92,0.01%,"24,156"
140,COMM,-13.89%,-4.82%,-16.46%,-45.31%,-41.55%,-21.38%,7.25%,6.07%,2.60,4.06M,0.88,9.13,5.18%,"1,099,944"
141,CPIX,2.30%,-6.59%,41.82%,10.64%,-8.24%,-33.19%,6.00%,5.82%,3.00,1.31M,0.01,3.14,0.64%,"4,889"
142,CPLG,0.00%,1.53%,3.17%,13.11%,81.98%,1.66%,0.24%,0.31%,2.00,1.43M,1.32,15.98,0.09%,"582,144"
143,CPOP,2.16%,5.19%,-33.95%,-64.05%,-,-60.88%,11.64%,9.12%,-,4.72M,0.07,1.37,-3.52%,"107,519"
144,CPRX,4.70%,40.61%,11.93%,41.89%,96.72%,15.07%,5.14%,5.66%,2.00,1.15M,0.70,8.23,5.65%,"248,327"
145,CRBP,-0.37%,-23.81%,-62.42%,-73.11%,-86.27%,-48.03%,7.96%,9.20%,2.70,1.18M,0.64,0.35,9.00%,"231,719"
146,CREX,0.00%,-22.63%,-39.43%,-24.82%,-60.59%,-24.29%,10.48%,9.75%,2.00,1.12M,0.20,1.03,-2.74%,"68,222"
147,CRIS,6.60%,9.71%,-29.96%,-60.21%,-66.54%,-28.78%,9.75%,7.41%,2.00,1.77M,0.35,3.36,-1.03%,"189,937"
148,CRON,2.37%,1.17%,-22.65%,-46.18%,-67.51%,-11.99%,6.12%,6.08%,3.90,2.37M,1.03,3.43,-0.58%,"752,616"
149,CRTX,0.00%,-26.25%,-64.52%,-95.76%,-87.89%,-65.06%,9.69%,9.11%,2.90,1.13M,0.24,4.58,3.85%,"84,175"
150,CSCW,-0.43%,-47.10%,-59.97%,-75.05%,-73.89%,-54.23%,12.56%,15.58%,-,3.27M,20.26,0.24,4.09%,"20,406,027"
151,CSIQ,23.57%,29.83%,-16.10%,-12.31%,-31.64%,4.73%,6.86%,5.27%,2.60,1.03M,1.34,30.42,-7.19%,"424,830"
152,CTIC,30.80%,56.57%,16.54%,4.73%,-4.02%,25.00%,15.96%,8.24%,1.70,3.50M,12.48,2.99,-3.54%,"13,453,721"
153,CTK,12.90%,1.68%,-59.46%,-80.47%,-91.50%,-47.86%,25.93%,15.42%,3.00,2.02M,37.30,0.28,-11.60%,"23,238,105"
154,CTMX,-13.66%,-19.55%,-45.71%,-30.18%,-57.55%,-18.24%,6.18%,5.96%,1.90,1.18M,1.05,4.18,18.08%,"384,787"
155,CTRM,0.62%,42.11%,-16.06%,-27.35%,-82.58%,14.08%,9.19%,9.46%,-,2.24M,0.89,1.61,-0.67%,"613,412"
156,CTXR,-7.93%,7.09%,-6.79%,-33.48%,-25.25%,-1.95%,6.92%,6.93%,2.00,1.51M,0.41,1.53,1.66%,"190,660"
157,CYBN,-5.80%,-8.95%,-36.20%,-65.65%,-25.27%,-21.85%,5.97%,7.04%,1.50,1.06M,0.55,0.93,-1.34%,"179,946"
158,CYH,3.35%,-21.81%,-19.14%,-17.84%,21.33%,-23.52%,6.25%,7.35%,2.50,1.33M,0.76,10.77,5.80%,"309,441"
159,CYRN,183.41%,40.17%,-17.01%,-41.05%,-67.02%,11.05%,68.13%,25.60%,2.00,1.64M,20.50,6.25,-3.70%,"10,362,085"
160,DADA,-12.17%,-12.93%,-62.50%,-64.71%,-77.85%,-39.13%,12.34%,9.30%,1.60,1.14M,1.50,8.14,1.62%,"525,039"
161,DARE,-0.66%,1.35%,-14.29%,-13.79%,-20.63%,-25.00%,6.94%,5.67%,2.00,5.80M,0.22,1.49,-0.67%,"391,227"
162,DATS,4.57%,-6.36%,-50.24%,-72.05%,-,-32.01%,10.73%,9.70%,-,3.77M,0.15,2.03,-1.45%,"179,904"
163,DBI,-4.01%,-4.61%,-16.78%,-22.83%,-8.89%,-14.14%,7.18%,5.63%,2.80,1.35M,0.71,13.11,7.46%,"296,814"
164,DCFC,9.24%,8.20%,-22.20%,-19.59%,-,-20.56%,9.92%,17.56%,2.00,3.46M,0.90,8.03,1.39%,"961,136"
165,DCPH,1.55%,1.16%,2.21%,-74.84%,-82.24%,-19.45%,7.69%,7.52%,2.60,1.72M,0.38,8.12,3.18%,"200,205"
166,DHC,-11.94%,-5.54%,-3.53%,-27.20%,-38.93%,-11.65%,6.99%,4.68%,3.20,1.73M,0.70,2.82,3.11%,"371,490"
167,DHT,10.99%,27.24%,13.82%,15.71%,9.06%,20.62%,5.20%,4.18%,1.80,2.00M,1.15,6.09,-2.72%,"712,419"
168,DK,-3.56%,9.92%,10.85%,0.83%,-25.44%,13.81%,7.24%,5.61%,3.10,1.10M,0.64,17.18,0.70%,"219,260"
169,DM,8.20%,9.07%,-37.08%,-49.69%,-79.36%,-17.37%,8.85%,8.44%,2.70,5.87M,0.96,4.05,-1.10%,"1,739,279"
170,DNMR,38.26%,3.70%,-66.24%,-75.63%,-87.50%,-44.01%,13.93%,11.29%,1.70,4.04M,1.65,4.47,-6.18%,"2,057,530"
171,DNN,22.58%,33.33%,-7.88%,28.81%,23.58%,10.95%,8.86%,7.19%,2.20,9.18M,1.35,1.55,1.97%,"3,821,383"
172,DOGZ,28.06%,-3.57%,-31.93%,34.44%,63.64%,-61.47%,12.31%,10.21%,-,2.22M,0.73,3.31,2.16%,"500,937"
173,DOMA,7.08%,-32.01%,-58.41%,-70.05%,-74.22%,-49.41%,10.75%,8.49%,1.70,1.27M,0.38,2.67,3.89%,"148,908"
174,DOYU,-0.94%,2.94%,-22.79%,-45.17%,-86.16%,-20.45%,7.26%,7.12%,3.00,3.47M,1.25,2.02,-4.05%,"1,334,154"
175,DRH,-3.56%,3.25%,0.55%,3.36%,-1.91%,-4.06%,5.35%,4.16%,2.60,2.14M,0.84,9.55,3.58%,"553,108"
176,DS,1.65%,-4.65%,-34.92%,-52.87%,-52.33%,-13.99%,7.44%,7.69%,1.70,1.43M,0.57,1.26,2.85%,"250,574"
177,DSS,15.44%,22.38%,-48.19%,-64.62%,-87.27%,-35.24%,30.82%,14.16%,2.00,1.05M,1.26,0.45,3.12%,"407,178"
178,DVAX,-0.49%,-3.10%,-24.02%,-32.50%,41.32%,-13.22%,8.41%,5.79%,1.70,1.87M,0.56,12.44,1.88%,"323,456"
179,EAR,0.42%,5.71%,-10.59%,-76.50%,-92.04%,-5.69%,6.24%,6.73%,3.30,3.54M,0.12,4.88,1.35%,"128,515"
180,EAT,-3.92%,24.88%,13.95%,-23.76%,-43.93%,8.50%,5.74%,5.64%,2.20,1.15M,0.70,41.24,3.88%,"246,827"
181,EBON,0.00%,44.83%,-17.65%,-50.00%,-82.57%,22.33%,10.86%,14.37%,-,3.36M,0.47,1.26,0.40%,"488,901"
182,ECOR,1.89%,-14.03%,-25.72%,-47.11%,-78.17%,-5.56%,12.61%,9.14%,2.00,2.29M,0.11,0.55,-0.93%,"74,331"
183,EDIT,16.52%,0.34%,-44.05%,-71.70%,-61.72%,-34.12%,11.40%,8.46%,2.60,1.90M,0.95,17.41,-0.49%,"553,912"
184,EFOI,0.00%,-15.38%,-42.61%,-60.00%,-74.86%,-69.09%,11.08%,9.77%,2.00,4.97M,0.03,1.34,1.52%,"38,456"
185,EGHT,2.88%,-11.81%,-41.14%,-46.50%,-62.70%,-23.33%,6.29%,5.94%,2.20,1.83M,0.28,12.57,-2.18%,"158,395"
186,EGO,4.52%,32.94%,25.17%,32.48%,3.47%,21.28%,5.35%,4.40%,-,2.38M,1.65,11.05,-2.56%,"1,207,731"
187,EJH,12.73%,-11.56%,-71.11%,-82.04%,-,-56.08%,10.73%,11.19%,-,1.68M,0.91,0.64,-1.55%,"471,414"
188,ENDP,-19.93%,-21.75%,-58.73%,4.78%,-66.67%,-35.90%,11.44%,7.22%,3.00,4.85M,2.44,2.35,-2.49%,"3,650,765"
189,ENSC,20.00%,-24.55%,-20.75%,-58.96%,-92.70%,-73.19%,13.41%,10.33%,-,7.51M,0.08,1.23,-2.38%,"188,327"
190,ENSV,101.71%,81.54%,8.26%,0.00%,-42.72%,38.34%,38.17%,16.12%,2.00,1.36M,3.22,1.13,-3.81%,"1,345,555"
191,ENVB,17.20%,-48.32%,-77.54%,-83.77%,-91.36%,-66.67%,18.66%,10.77%,2.00,2.07M,5.06,0.29,-6.77%,"3,232,216"
192,EPZM,1.92%,50.00%,-50.31%,-68.01%,-83.35%,-36.40%,14.61%,11.68%,2.00,3.02M,0.47,1.62,2.20%,"437,495"
193,EQRX,1.03%,-30.33%,-70.45%,-70.18%,-,-56.89%,7.83%,10.63%,-,1.01M,0.85,2.90,-1.36%,"265,117"
194,ESPR,-1.61%,5.41%,-50.58%,-66.67%,-84.55%,-14.20%,8.70%,7.87%,2.80,2.06M,0.35,4.29,0.00%,"223,001"
195,ESRT,0.11%,4.35%,-1.27%,-8.41%,-16.80%,5.17%,3.50%,3.05%,2.70,2.21M,0.29,9.53,1.87%,"195,721"
196,ESSC,0.96%,1.74%,-0.85%,3.45%,5.00%,-11.17%,2.35%,2.47%,-,1.15M,0.07,10.53,0.29%,"23,702"
197,EVFM,3.12%,18.81%,16.05%,-36.26%,-87.37%,32.89%,11.06%,8.48%,2.20,4.04M,0.48,0.49,-2.59%,"592,259"
198,EXK,13.56%,35.55%,-1.47%,2.40%,-25.32%,11.14%,7.91%,5.69%,-,2.70M,1.99,4.53,-3.41%,"1,655,474"
199,EXPR,4.86%,56.21%,18.59%,-23.48%,70.94%,47.08%,8.59%,8.02%,3.00,3.43M,0.69,4.84,6.73%,"734,663"
200,EXTN,5.39%,19.53%,69.27%,52.64%,13.06%,103.36%,4.30%,4.82%,2.00,1.61M,0.23,6.23,2.84%,"116,462"
201,EXTR,-4.70%,-9.36%,-18.72%,-0.18%,20.48%,-30.32%,6.85%,4.59%,2.20,1.39M,1.80,11.44,4.57%,"768,860"
202,FAMI,-2.22%,-12.18%,-31.52%,-55.91%,-86.87%,-20.86%,13.53%,7.75%,-,30.84M,2.73,0.19,5.57%,"25,967,534"
203,FAX,-1.67%,-3.29%,-13.48%,-16.75%,-20.14%,-7.59%,2.71%,1.97%,-,1.21M,1.00,3.53,-0.14%,"370,881"
204,FFIE,7.31%,41.04%,-11.27%,-42.84%,-61.68%,2.07%,12.29%,10.78%,2.30,1.51M,1.19,5.32,-2.03%,"550,576"
205,FGEN,-5.68%,-6.07%,13.31%,18.43%,-73.05%,-3.40%,6.42%,5.45%,2.90,1.13M,0.58,13.74,0.88%,"200,072"
206,FGI,-1.58%,-17.24%,-,-,-,-20.00%,6.14%,10.21%,-,2.86M,0.02,3.16,1.28%,"17,991"
207,FINV,-7.71%,8.82%,-32.94%,-33.16%,-25.89%,-19.88%,5.39%,4.75%,2.00,1.16M,0.42,3.88,-1.65%,"148,870"
208,FLDM,6.07%,15.41%,-18.63%,-49.10%,-15.44%,-6.38%,7.41%,7.68%,1.00,1.03M,0.18,3.63,-0.95%,"55,777"
209,FLGC,5.41%,33.56%,-9.72%,-79.17%,-,9.55%,9.74%,9.41%,2.00,1.23M,0.52,1.99,2.05%,"197,051"
210,FLWS,0.34%,-11.75%,-52.86%,-53.84%,-46.56%,-36.20%,7.28%,6.05%,1.70,1.08M,0.68,15.59,4.56%,"224,214"
211,FREY,5.85%,10.51%,-17.97%,1.23%,-13.33%,-19.14%,9.36%,7.39%,2.10,1.36M,0.55,8.97,-0.77%,"230,009"
212,FRO,12.65%,43.74%,43.74%,30.91%,33.66%,34.79%,5.32%,4.15%,2.00,2.00M,3.10,9.03,-5.19%,"1,912,037"
213,FSM,15.54%,26.23%,17.53%,-5.32%,-44.73%,4.87%,7.12%,5.44%,-,4.68M,1.66,3.95,-3.42%,"2,389,242"
214,FTCI,28.89%,24.06%,-46.30%,-57.20%,-,-38.62%,12.96%,9.73%,1.90,1.06M,1.47,4.25,-8.41%,"479,326"
215,FTFT,11.79%,21.45%,-48.43%,-68.22%,-85.49%,-38.35%,9.30%,9.70%,-,2.53M,0.12,0.79,-3.65%,"95,733"
216,FTK,-0.71%,84.06%,78.00%,1.46%,-38.22%,23.01%,12.19%,18.99%,2.50,3.61M,0.64,1.46,5.04%,"714,040"
217,FUBO,5.74%,-13.92%,-59.16%,-69.24%,-79.78%,-45.43%,14.19%,10.42%,2.10,10.26M,0.82,8.39,-0.94%,"2,580,548"
218,GATO,16.35%,20.92%,-71.88%,-73.57%,-73.25%,-64.35%,7.01%,7.89%,2.20,1.54M,0.77,3.68,-0.54%,"366,010"
219,GBS,60.39%,-22.47%,-57.41%,-79.65%,-91.38%,-51.92%,37.42%,19.14%,-,1.86M,5.52,0.69,-0.35%,"3,159,311"
220,GBT,-4.32%,8.94%,6.75%,6.37%,-32.16%,2.05%,8.12%,6.52%,1.90,1.63M,0.31,29.57,-1.00%,"153,930"
221,GCI,-15.76%,-2.72%,-7.92%,-27.57%,-14.84%,-12.76%,8.13%,5.54%,4.30,1.83M,0.72,4.84,4.09%,"403,291"
222,GENI,0.00%,-9.86%,-47.11%,-73.04%,-72.76%,-30.26%,10.61%,8.46%,1.90,1.96M,0.40,5.23,-1.32%,"238,603"
223,GEO,-7.40%,-11.25%,-32.39%,-24.31%,-22.68%,-25.68%,4.20%,3.86%,2.50,2.77M,0.55,5.87,1.93%,"465,513"
224,GERN,3.88%,0.00%,-26.21%,-25.69%,-39.89%,-12.30%,6.93%,5.62%,1.60,2.13M,0.54,1.08,1.12%,"356,572"
225,GEVO,19.27%,19.27%,-37.89%,-40.95%,-61.23%,-16.12%,11.01%,9.32%,1.70,8.71M,0.77,3.57,-0.70%,"2,063,002"
226,GFAI,36.20%,-19.54%,-59.31%,-,-,-45.37%,42.84%,22.50%,-,4.38M,1.81,0.60,1.83%,"2,439,551"
227,GGPI,-4.99%,5.44%,-23.03%,10.48%,-,-7.18%,4.72%,4.24%,-,3.71M,0.64,10.95,0.84%,"731,850"
228,GHSI,44.40%,-44.22%,-72.82%,-77.05%,-88.80%,-56.73%,21.98%,14.01%,-,2.41M,99.01,0.27,-3.54%,"73,660,777"
229,GLG,18.56%,4.70%,-53.06%,-72.86%,-89.84%,-41.99%,16.12%,17.23%,-,1.05M,1.92,0.24,0.83%,"622,494"
230,GLNG,14.00%,23.35%,46.83%,57.48%,58.33%,41.97%,6.32%,4.75%,2.00,1.04M,1.83,17.95,2.05%,"584,763"
231,GMBL,-71.64%,-68.92%,-83.74%,-90.46%,-95.74%,-76.00%,39.80%,17.28%,1.80,1.10M,1.52,0.80,-4.93%,"515,315"
232,GMDA,17.92%,27.99%,38.89%,-17.58%,-59.94%,47.64%,12.53%,10.99%,1.90,1.03M,0.69,3.62,-3.33%,"218,287"
233,GMTX,-13.09%,-27.65%,-53.08%,-68.18%,-91.91%,-55.50%,11.66%,9.86%,1.20,1.26M,1.38,1.30,0.51%,"538,087"
234,GMVD,28.64%,-48.94%,20.45%,-20.90%,390.74%,58.68%,18.50%,15.57%,-,2.08M,0.25,2.74,3.39%,"159,139"
235,GNLN,-3.68%,-15.11%,-55.16%,-79.04%,-90.42%,-43.26%,14.86%,12.17%,1.50,1.13M,0.41,0.54,-1.96%,"141,912"
236,GNPX,6.07%,24.04%,51.33%,-25.82%,-59.75%,73.28%,9.41%,8.14%,2.00,6.47M,0.30,2.29,0.88%,"595,288"
237,GNUS,-0.92%,8.06%,-31.58%,-46.21%,-48.16%,-18.54%,7.66%,7.37%,2.00,5.16M,0.46,0.86,0.88%,"731,775"
238,GOCO,1.53%,-23.75%,-41.98%,-60.04%,-85.35%,-47.49%,13.68%,13.43%,2.30,3.09M,9.27,1.38,-30.65%,"8,820,841"
239,GOED,0.00%,-10.48%,-15.70%,-31.64%,-84.27%,-21.67%,7.87%,6.76%,2.00,2.14M,0.51,1.88,-0.27%,"337,514"
240,GOEV,1.48%,1.48%,-57.56%,-23.17%,-60.59%,-29.15%,9.22%,7.97%,2.50,3.34M,0.67,5.35,-2.19%,"688,564"
241,GOL,-13.42%,0.48%,14.49%,-18.56%,-13.90%,4.46%,5.52%,4.75%,2.60,2.16M,0.73,6.50,2.85%,"488,693"
242,GORO,2.91%,14.94%,-8.29%,3.51%,-35.64%,13.46%,6.41%,5.50%,2.00,1.19M,0.92,1.76,-0.72%,"336,046"
243,GOTU,-17.82%,-3.49%,-39.86%,-38.29%,-98.31%,-14.43%,10.75%,10.46%,3.10,5.92M,0.88,1.62,-2.11%,"1,598,902"
244,GPL,6.81%,19.74%,-13.50%,-56.16%,-75.66%,3.79%,8.54%,8.16%,2.00,3.34M,1.35,0.22,-1.85%,"1,391,022"
245,GPRO,-1.42%,-1.76%,-19.07%,-15.21%,3.21%,-18.91%,5.22%,4.40%,2.60,2.75M,0.97,8.65,3.47%,"821,803"
246,GRPN,-11.52%,-26.04%,-8.61%,-15.47%,-65.18%,-13.43%,8.44%,7.58%,3.20,1.48M,1.46,19.02,-5.14%,"663,265"
247,GRTS,0.00%,-1.01%,-53.33%,-44.63%,-67.27%,-61.90%,8.89%,7.04%,2.00,1.95M,0.63,4.87,-0.61%,"381,271"
248,GRTX,-12.70%,-14.80%,58.96%,-75.77%,-80.83%,-53.59%,8.85%,8.31%,1.70,10.53M,0.08,2.15,0.94%,"246,089"
249,GRWG,0.12%,10.22%,-51.79%,-73.54%,-83.53%,-38.01%,9.68%,8.44%,2.00,2.00M,1.32,7.95,-1.79%,"815,605"
250,GSKY,-4.01%,-6.81%,-16.11%,22.98%,63.48%,-15.67%,3.62%,2.99%,3.00,1.96M,1.12,9.73,1.57%,"675,415"
251,GSM,-2.26%,45.74%,17.95%,-4.04%,120.36%,18.52%,8.12%,7.31%,3.00,1.31M,1.56,7.40,0.54%,"631,563"
252,GTE,11.63%,64.57%,95.68%,169.61%,91.69%,89.20%,7.58%,8.16%,3.00,4.33M,3.28,1.45,0.70%,"4,379,210"
253,HA,-4.54%,14.30%,-1.24%,-7.58%,-29.86%,-0.38%,7.08%,5.72%,3.20,1.01M,0.73,18.77,2.57%,"226,167"
254,HCSG,-7.75%,-9.73%,-13.44%,-40.56%,-46.48%,-12.37%,5.02%,5.46%,2.80,1.06M,0.31,15.67,0.51%,"101,141"
255,HEPS,-7.89%,-4.89%,-35.19%,-82.07%,-,-8.38%,8.19%,8.11%,2.30,1.14M,0.93,1.76,0.57%,"329,622"
256,HEXO,-3.22%,9.28%,-51.63%,-77.71%,-92.58%,-22.47%,9.89%,9.49%,3.30,8.00M,0.33,0.54,0.52%,"810,430"
257,HGEN,21.47%,-2.11%,-60.41%,-86.17%,-86.89%,-37.63%,12.68%,9.27%,2.30,1.91M,0.93,2.23,-3.88%,"547,320"
258,HIMS,20.24%,16.90%,-25.74%,-36.87%,-68.48%,-22.90%,10.02%,8.12%,2.20,2.41M,1.19,5.17,2.38%,"883,054"
259,HIMX,0.18%,5.85%,10.40%,-6.52%,-19.42%,-30.96%,5.59%,5.62%,-,4.36M,0.52,11.19,1.31%,"692,804"
260,HIPO,3.33%,-3.12%,-49.32%,-62.12%,-83.54%,-34.28%,8.44%,7.17%,2.00,2.54M,0.50,1.86,0.00%,"392,307"
261,HIVE,10.16%,10.16%,-46.49%,-35.02%,-52.86%,-21.97%,11.41%,9.22%,-,9.11M,1.04,2.10,1.94%,"2,929,186"
262,HLX,2.05%,13.39%,22.09%,4.46%,-20.24%,27.56%,6.04%,5.49%,2.70,1.74M,0.95,4.12,3.52%,"508,997"
263,HNST,7.25%,-2.86%,-32.36%,-42.53%,-,-28.68%,5.28%,5.13%,1.80,1.74M,0.56,5.73,-0.69%,"298,805"
264,HOFV,-1.94%,-5.61%,-47.67%,-69.67%,-56.09%,-33.55%,9.74%,7.39%,2.00,1.81M,0.38,1.01,0.50%,"211,184"
265,HOOK,0.00%,83.94%,-21.74%,-62.67%,-78.75%,8.15%,15.08%,12.32%,2.00,5.99M,2.62,1.99,-21.03%,"4,845,323"
266,HOTH,3.51%,12.17%,-29.23%,-53.55%,-73.67%,-10.61%,10.19%,8.75%,2.00,5.19M,0.05,0.61,3.83%,"83,183"
267,HOUR,3.70%,-20.85%,-,-,-,-71.96%,13.07%,11.90%,-,2.96M,0.06,2.28,1.79%,"55,783"
268,HRTX,-20.40%,-29.39%,-37.10%,-50.60%,-67.45%,-36.97%,8.82%,6.82%,1.80,2.19M,1.51,5.80,0.78%,"1,021,385"
269,HUT,7.95%,10.69%,-52.08%,-26.21%,-27.11%,-22.17%,11.32%,9.70%,-,7.99M,1.57,6.17,0.98%,"3,858,591"
270,HUYA,-2.62%,-12.01%,-33.84%,-47.95%,-81.01%,-25.07%,8.24%,6.73%,2.60,2.73M,1.15,4.97,-4.33%,"964,998"
271,HYLN,9.14%,3.21%,-37.24%,-52.06%,-74.07%,-32.58%,11.67%,8.26%,3.20,2.85M,0.74,4.30,2.87%,"652,327"
272,HYZN,8.63%,18.38%,-26.82%,-39.72%,-55.11%,-14.64%,8.91%,8.74%,1.90,2.51M,0.62,5.54,0.00%,"480,322"
273,IAG,3.24%,29.15%,2.24%,38.10%,5.98%,1.92%,7.20%,5.95%,3.00,6.85M,1.30,3.17,-0.47%,"2,738,048"
274,IBIO,1.29%,-25.76%,-61.29%,-73.98%,-80.78%,-39.80%,9.58%,8.15%,2.00,2.34M,0.93,0.32,-1.88%,"669,875"
275,IDEX,5.47%,6.33%,-37.37%,-59.55%,-71.28%,-19.11%,10.71%,8.64%,2.00,7.66M,0.47,0.98,1.37%,"1,111,389"
276,IDRA,-0.72%,-25.00%,-35.97%,-57.90%,-90.59%,-22.44%,7.71%,8.24%,3.00,1.00M,0.04,0.45,1.20%,"12,658"
277,IINN,-5.66%,8.70%,-25.37%,-26.69%,-,-39.90%,8.44%,9.54%,2.00,5.58M,0.02,2.48,-0.80%,"28,741"
278,IMGN,10.96%,6.30%,17.26%,-5.75%,-38.59%,-24.93%,9.05%,6.58%,1.90,3.10M,0.61,5.59,0.45%,"580,190"
279,IMMX,-14.51%,-28.79%,-,-,-,-22.19%,10.86%,11.88%,-,7.21M,0.03,2.71,-1.99%,"58,899"
280,IMPP,85.00%,-32.11%,-,-,-,-30.84%,43.83%,20.16%,-,14.23M,10.77,1.93,30.41%,"47,236,213"
281,IMTE,-3.48%,-26.00%,7.56%,13.73%,19.10%,24.16%,6.34%,10.69%,-,1.38M,0.03,5.74,3.42%,"10,926"
282,INDI,0.26%,5.64%,-45.14%,-22.19%,-26.51%,-35.95%,7.94%,7.00%,2.00,1.61M,0.27,7.73,0.65%,"135,702"
283,INDO,66.62%,93.54%,207.12%,116.03%,23.77%,285.00%,28.07%,24.54%,2.00,5.34M,2.76,12.22,13.36%,"4,531,199"
284,INFI,-1.85%,-4.50%,-49.28%,-69.01%,-65.58%,-52.89%,9.48%,8.40%,1.90,1.46M,0.54,1.04,-1.42%,"241,030"
285,INFN,-1.21%,12.97%,8.60%,7.43%,-4.47%,-6.47%,3.73%,4.37%,2.80,2.20M,0.52,9.06,1.06%,"349,378"
286,INO,4.18%,-16.49%,-55.56%,-62.50%,-67.66%,-35.07%,7.80%,6.56%,2.70,4.60M,2.37,2.90,-10.49%,"3,358,772"
287,INPX,7.70%,-13.95%,-47.89%,-63.36%,-73.87%,-40.77%,12.68%,10.47%,-,1.25M,1.89,0.35,-0.96%,"725,110"
288,INSG,6.94%,15.18%,-27.79%,-43.10%,-54.82%,-18.01%,7.32%,6.03%,2.70,1.29M,2.29,4.52,-5.44%,"910,827"
289,INVZ,0.52%,2.94%,-45.23%,-49.01%,-69.25%,-39.27%,7.61%,6.83%,2.00,1.46M,0.95,3.55,-7.83%,"427,687"
290,IO,11.03%,25.62%,-67.95%,-53.64%,-82.02%,-36.26%,19.47%,12.05%,2.20,1.84M,0.93,0.57,1.84%,"529,589"
291,IPOF,0.88%,4.58%,0.29%,4.58%,-20.62%,0.88%,1.68%,0.95%,-,1.88M,0.77,10.25,-0.32%,"448,694"
292,IRNT,17.35%,63.97%,-42.97%,-65.21%,-52.30%,15.95%,32.75%,16.83%,3.00,4.53M,1.38,4.84,-0.63%,"1,923,660"
293,IRWD,-1.66%,-2.37%,-1.57%,-19.50%,12.17%,-8.32%,2.90%,3.18%,2.40,2.46M,0.43,10.90,2.01%,"328,094"
294,ISEE,10.81%,22.06%,7.05%,52.90%,156.78%,-3.71%,7.57%,5.40%,1.50,1.41M,0.63,16.14,0.22%,"273,389"
295,ISIG,-11.91%,-46.34%,43.11%,-9.82%,12.39%,-66.98%,10.41%,10.90%,-,6.35M,0.03,8.37,9.89%,"62,468"
296,ISPC,13.70%,-8.79%,-79.68%,-34.85%,-,-46.86%,11.38%,10.22%,2.00,1.85M,0.06,4.08,-1.69%,"33,917"
297,ITRM,9.39%,19.81%,-21.55%,-42.88%,-76.76%,-2.14%,11.99%,11.39%,3.00,1.98M,0.51,0.36,-5.50%,"314,335"
298,IVR,-7.08%,-18.92%,-31.60%,-32.04%,-47.37%,-24.46%,5.86%,4.35%,3.80,6.20M,0.90,2.12,0.71%,"1,727,339"
299,JAGX,-5.05%,-35.15%,-64.39%,-86.94%,-92.47%,-54.81%,10.83%,9.38%,1.50,3.32M,2.44,0.45,-4.04%,"2,492,019"
300,JMIA,16.48%,21.56%,-25.35%,-54.62%,-79.24%,-19.39%,12.63%,9.78%,-,5.28M,1.29,8.73,-5.00%,"2,105,671"
301,JOB,-2.08%,12.29%,18.61%,3.77%,-69.78%,-3.51%,5.74%,6.85%,2.00,1.18M,0.52,0.56,1.84%,"188,820"
302,JWEL,-6.10%,-10.36%,-71.47%,-47.14%,-,-87.15%,8.20%,7.32%,-,1.22M,0.05,2.77,0.07%,"18,917"
303,KAR,30.73%,26.52%,17.10%,7.62%,29.24%,15.75%,7.57%,5.00%,2.40,2.10M,0.87,18.78,3.87%,"560,438"
304,KAVL,13.89%,411.59%,120.77%,-48.75%,-91.70%,285.08%,22.95%,31.03%,-,10.05M,0.86,3.01,4.70%,"2,658,380"
305,KC,-1.17%,-8.68%,-61.87%,-77.74%,-89.46%,-57.27%,10.56%,9.58%,1.90,2.42M,1.12,6.25,-7.13%,"831,878"
306,KIND,2.30%,20.00%,-46.16%,-37.03%,-,-20.91%,10.13%,9.37%,2.00,1.95M,5.68,6.17,-1.08%,"3,418,509"
307,KN,-0.42%,2.47%,-1.24%,7.36%,2.13%,-7.54%,2.14%,1.91%,2.10,1.08M,0.42,21.79,0.93%,"140,507"
308,KNDI,4.78%,15.85%,-13.87%,-34.20%,-54.05%,2.49%,6.50%,5.13%,2.00,1.24M,0.34,3.20,-2.58%,"129,218"
309,KOD,-82.44%,-83.82%,-90.62%,-90.80%,-92.94%,-89.57%,9.70%,8.17%,2.50,1.20M,2.97,8.70,-1.53%,"1,095,134"
310,KODK,3.77%,28.57%,-23.65%,-35.27%,-48.96%,0.00%,5.70%,5.61%,-,1.42M,0.56,4.77,1.92%,"244,919"
311,KOPN,-2.69%,-8.33%,-50.78%,-57.97%,-74.47%,-38.14%,8.89%,7.26%,2.00,1.26M,0.65,2.55,0.79%,"254,219"
312,KPLT,5.45%,-4.91%,-46.21%,-58.15%,-84.80%,-36.80%,10.52%,9.56%,2.50,1.90M,0.52,2.15,0.93%,"304,478"
313,KPRX,-1.40%,-11.94%,-56.12%,-62.49%,-88.62%,-58.01%,17.56%,11.12%,2.00,3.03M,0.11,0.60,-4.97%,"98,219"
314,KPTI,0.97%,21.66%,51.68%,89.95%,-21.23%,61.59%,7.23%,9.71%,2.40,3.31M,3.16,7.20,-30.75%,"3,215,305"
315,KTTA,-0.96%,-8.04%,-75.76%,-,-,-41.81%,8.93%,8.91%,2.00,3.27M,0.11,1.06,2.90%,"114,422"
316,KXIN,5.00%,2.94%,-41.34%,-65.12%,-72.58%,-7.89%,10.41%,8.47%,-,2.46M,0.10,1.06,0.95%,"73,094"
317,LC,0.34%,4.80%,-50.17%,-37.86%,49.79%,-26.84%,8.69%,7.08%,2.20,3.05M,0.38,17.78,0.51%,"353,689"
318,LCTX,-2.84%,-9.27%,-31.50%,-44.08%,-40.69%,-44.08%,7.25%,5.47%,2.20,1.22M,0.14,1.35,-1.46%,"53,726"
319,LDI,2.18%,-4.52%,-16.10%,-49.16%,-81.51%,-12.08%,8.12%,7.77%,2.30,1.15M,0.42,4.21,-0.24%,"147,732"
320,LGVN,6.11%,0.99%,-72.88%,109.41%,-13.06%,-41.01%,9.53%,9.91%,-,2.18M,0.11,6.89,-3.23%,"70,605"
321,LICY,14.82%,8.95%,-39.75%,-12.44%,-33.19%,-22.99%,9.17%,7.10%,1.90,1.75M,0.85,7.46,-2.72%,"459,038"
322,LIXT,-8.90%,-24.00%,-16.87%,-40.36%,-67.48%,11.76%,21.28%,12.19%,-,2.28M,0.01,1.40,5.21%,"6,574"
323,LKCO,-20.34%,25.60%,-39.74%,-62.92%,-55.32%,-9.93%,13.25%,14.36%,-,2.68M,0.48,0.56,2.77%,"393,904"
324,LLNW,1.05%,-7.02%,30.17%,45.45%,16.36%,11.95%,4.47%,4.67%,2.40,1.93M,0.47,3.85,0.26%,"279,213"
325,LMND,-1.02%,-15.61%,-52.71%,-67.84%,-78.03%,-42.37%,12.99%,9.72%,3.20,2.26M,1.03,22.70,-6.47%,"716,115"
326,LOTZ,3.23%,5.49%,-36.84%,-52.83%,-80.63%,-15.42%,11.17%,9.22%,2.30,1.27M,0.57,1.97,2.60%,"223,347"
327,LPTX,-3.94%,14.04%,-25.00%,13.70%,-16.67%,-39.81%,9.63%,9.55%,1.80,1.81M,0.38,1.90,-2.56%,"211,900"
328,LTCH,-21.02%,-31.52%,-50.49%,-64.74%,-68.35%,-46.90%,13.41%,8.28%,2.60,1.50M,1.27,3.75,-6.72%,"587,501"
329,LWLG,17.72%,10.70%,-51.67%,-36.44%,474.60%,-51.34%,12.60%,10.56%,-,1.43M,0.45,7.44,2.76%,"199,023"
330,LX,1.43%,12.38%,-17.87%,-46.93%,-69.87%,-8.29%,6.48%,6.61%,1.90,1.79M,1.53,3.43,-3.11%,"843,511"
331,MARK,-4.23%,2.45%,-37.34%,-39.29%,-73.36%,-21.01%,13.44%,10.50%,-,3.79M,0.28,0.78,-0.79%,"327,354"
332,MBIO,3.20%,-21.52%,-57.23%,-71.00%,-76.17%,-48.47%,11.38%,9.48%,1.60,1.07M,0.73,0.83,-2.62%,"240,834"
333,MBOT,7.49%,1.82%,4.87%,-24.83%,-35.26%,-25.33%,8.38%,7.26%,2.00,1.86M,0.03,5.43,-3.04%,"16,969"
334,MCRB,-9.82%,-5.92%,-16.16%,20.24%,-62.31%,-11.22%,8.39%,6.76%,2.00,1.36M,0.69,7.32,-1.01%,"290,050"
335,MDRR,7.92%,6.97%,2.83%,-15.50%,-49.77%,-9.17%,5.23%,3.50%,2.00,1.48M,0.11,1.11,1.83%,"52,309"
336,ME,1.86%,4.04%,-50.51%,-49.54%,-61.24%,-34.23%,8.70%,8.19%,2.50,3.00M,0.50,4.22,-3.54%,"463,087"
337,MEIP,1.97%,8.38%,-15.51%,-26.86%,-44.05%,-22.47%,6.52%,7.03%,1.80,1.33M,0.48,2.05,-0.97%,"197,435"
338,METX,6.96%,16.65%,-43.86%,-69.73%,-91.60%,-20.81%,12.54%,13.04%,2.00,17.75M,2.22,0.22,8.62%,"12,140,982"
339,MFA,-7.73%,-13.02%,-10.45%,-17.23%,-3.67%,-13.60%,4.64%,2.93%,2.20,4.09M,0.70,4.03,2.28%,"877,791"
340,MGI,0.09%,21.76%,80.00%,17.78%,55.17%,36.88%,1.21%,3.90%,2.70,4.83M,1.12,10.74,-0.55%,"1,667,376"
341,MGNI,17.34%,10.18%,-25.29%,-51.64%,-72.92%,-21.49%,12.11%,9.01%,2.00,2.45M,0.78,13.46,-2.04%,"591,941"
342,MIC,1.66%,1.94%,1.66%,13.65%,43.62%,0.55%,1.30%,1.22%,3.00,1.44M,1.77,3.70,0.95%,"784,638"
343,MILE,0.00%,-15.89%,-51.89%,-67.77%,-91.15%,-42.01%,14.45%,10.26%,3.00,2.52M,0.43,1.18,-6.69%,"336,795"
344,MIR,-1.38%,8.62%,-23.48%,-13.70%,-25.87%,-18.15%,10.40%,6.41%,-,1.34M,0.26,8.80,2.68%,"108,611"
345,MITQ,-6.38%,11.86%,-37.74%,-61.06%,-,-37.14%,9.77%,12.28%,-,1.21M,0.07,1.31,-0.77%,"24,981"
346,MKD,3.34%,-7.68%,-38.20%,-62.71%,-88.53%,-30.55%,21.40%,11.39%,-,5.30M,6.22,0.17,14.40%,"10,169,444"
347,ML,4.95%,-2.92%,-47.52%,-76.54%,-77.38%,-42.18%,10.45%,7.75%,2.00,1.10M,0.35,2.34,0.43%,"120,342"
348,MMAT,27.61%,39.60%,-44.68%,-52.94%,-60.75%,-15.45%,14.26%,11.42%,1.50,6.53M,1.42,1.79,-13.70%,"2,863,740"
349,MNKD,-26.86%,-22.54%,-40.73%,-41.61%,-27.25%,-37.07%,8.82%,6.26%,1.70,2.90M,3.21,3.15,14.55%,"2,868,670"
350,MNMD,0.00%,11.54%,-41.12%,-58.42%,-66.86%,-15.94%,11.98%,12.31%,1.70,5.03M,0.40,1.17,0.86%,"612,224"
351,MOMO,-6.72%,7.39%,-20.67%,-25.84%,-41.23%,5.12%,6.99%,5.45%,2.40,2.23M,0.66,9.21,-2.44%,"455,539"
352,MOTS,6.51%,13.76%,-24.47%,-50.98%,-73.53%,-18.39%,9.86%,13.41%,1.50,1.76M,0.70,0.37,-2.41%,"380,172"
353,MRIN,-17.21%,-0.98%,-43.78%,-52.58%,55.38%,-18.33%,10.97%,8.40%,-,3.48M,0.17,3.02,-0.33%,"183,518"
354,MRSN,19.69%,8.33%,-29.52%,-65.74%,-75.64%,-24.76%,11.36%,9.90%,1.60,1.66M,0.40,4.63,-1.07%,"203,411"
355,MTCR,19.73%,1.62%,-58.84%,-83.22%,-94.27%,-21.86%,11.73%,10.76%,2.70,3.56M,0.36,0.50,-4.14%,"394,071"
356,MTEK,-16.49%,-,-,-,-,-48.57%,13.66%,-,-,3.21M,0.09,1.62,0.00%,"92,121"
357,MTTR,21.35%,-9.17%,-76.61%,-52.05%,-55.19%,-62.55%,11.98%,11.24%,1.80,11.51M,0.85,7.43,-3.91%,"3,011,396"
358,MULN,68.85%,-63.73%,-87.19%,-89.79%,-91.47%,-80.31%,57.90%,29.25%,-,25.80M,13.18,1.05,1.94%,"104,824,123"
359,MUX,2.12%,-6.01%,-23.69%,-32.39%,-31.80%,-13.06%,6.57%,5.51%,-,2.13M,1.48,0.77,-0.52%,"971,007"
360,MVIS,30.51%,53.19%,-39.24%,-70.25%,-74.51%,-13.77%,13.23%,10.59%,3.00,5.50M,0.96,4.22,-2.43%,"1,620,816"
361,MWA,-2.09%,-3.48%,-12.92%,-26.77%,-6.44%,-15.28%,3.76%,3.09%,2.90,1.13M,0.62,12.55,2.87%,"214,957"
362,NAK,18.59%,17.72%,-13.95%,-9.05%,-50.09%,13.43%,6.54%,6.32%,-,3.01M,1.83,0.36,-1.65%,"1,701,302"
363,NAT,49.35%,52.32%,24.32%,1.77%,-28.12%,36.09%,13.08%,7.43%,-,3.22M,2.50,2.29,-0.65%,"2,483,245"
364,NEPT,48.95%,30.25%,-22.25%,-38.79%,-74.78%,-1.59%,15.44%,9.86%,2.70,1.27M,1.27,0.40,-1.41%,"500,552"
365,NES,16.16%,27.16%,37.76%,-1.81%,-17.03%,-29.31%,9.35%,9.92%,-,2.98M,0.08,2.15,0.00%,0
366,NEX,9.39%,25.96%,103.49%,110.28%,61.75%,113.24%,7.33%,6.68%,1.90,2.94M,0.97,7.62,0.66%,"880,221"
367,NGD,-5.35%,15.69%,23.78%,47.50%,4.73%,18.00%,7.86%,6.13%,2.90,10.07M,1.19,1.71,-3.39%,"3,691,948"
368,NGL,11.56%,0.91%,9.90%,25.42%,-11.20%,21.98%,5.20%,7.25%,3.40,1.31M,0.81,2.26,1.80%,"325,279"
369,NILE,12.10%,11.86%,-48.70%,-63.06%,-76.50%,-22.40%,17.70%,11.34%,-,1.60M,0.58,0.92,-0.38%,"287,061"
370,NLSP,-4.17%,36.90%,-34.29%,-51.48%,-59.36%,3.60%,7.56%,8.98%,2.00,3.32M,0.02,1.19,3.90%,"19,003"
371,NMTR,-8.02%,-22.49%,-44.51%,-54.28%,-64.94%,-41.61%,5.16%,5.48%,1.70,1.60M,0.95,0.56,-2.76%,"468,668"
372,NNDM,-0.57%,2.97%,-27.71%,-43.39%,-63.89%,-8.68%,6.80%,6.05%,2.00,5.68M,0.75,3.43,-1.15%,"1,303,987"
373,NOG,12.05%,10.60%,22.37%,60.58%,101.41%,24.68%,6.16%,6.26%,1.70,1.05M,1.64,25.92,1.01%,"532,405"
374,NRXP,1.07%,-9.29%,-65.06%,-80.74%,-91.75%,-40.79%,8.49%,9.88%,-,1.22M,1.49,2.70,-4.76%,"558,301"
375,NTRB,-4.82%,-0.72%,-36.83%,-45.18%,-60.48%,-58.83%,10.65%,10.93%,2.00,2.97M,0.00,4.12,-0.72%,"3,335"
376,NURO,-2.57%,-4.36%,-41.68%,-69.96%,12.70%,-16.93%,8.62%,10.50%,2.00,1.37M,0.04,4.28,2.64%,"16,240"
377,NUVB,-2.20%,-15.98%,-45.12%,-48.09%,-54.97%,-42.47%,10.12%,6.39%,1.50,1.17M,1.13,4.95,1.23%,"407,315"
378,NVCT,7.08%,-,-,-,-,109.54%,15.34%,-,-,5.12M,0.08,6.94,1.91%,"127,982"
379,NVTS,3.08%,3.42%,-48.69%,-6.11%,-7.86%,-44.86%,7.36%,8.70%,1.80,1.51M,0.63,9.46,0.87%,"295,106"
380,NXTD,-3.59%,-6.56%,-17.97%,-64.31%,-85.85%,-20.92%,13.20%,9.24%,3.00,2.48M,0.10,2.42,0.00%,0
381,NXTP,-7.50%,-10.48%,-50.45%,-72.66%,-81.56%,-35.12%,9.53%,11.86%,2.00,1.22M,0.36,0.56,0.92%,"137,228"
382,NYMT,0.58%,-4.12%,-8.64%,-19.77%,-18.65%,-6.18%,3.93%,2.81%,2.60,3.31M,0.94,3.52,0.86%,"958,909"
383,OCFT,20.45%,-10.67%,-36.90%,-63.19%,-91.38%,-35.63%,11.18%,8.82%,2.60,1.85M,0.62,1.51,-4.72%,"352,187"
384,OCGN,-15.60%,14.42%,-44.48%,-50.89%,-62.81%,-21.54%,10.66%,9.85%,2.50,13.69M,0.95,3.41,-4.48%,"4,029,226"
385,OCSL,0.40%,0.54%,1.36%,1.63%,20.32%,0.00%,1.80%,1.50%,1.70,1.22M,0.91,7.47,0.07%,"339,572"
386,OEG,17.83%,-3.18%,-39.44%,-54.22%,-75.52%,-30.59%,14.24%,8.68%,2.00,1.60M,1.05,1.49,-2.30%,"516,086"
387,OGEN,-9.72%,-14.21%,-41.70%,-50.92%,-66.34%,-21.50%,9.42%,6.94%,2.00,1.79M,0.26,0.35,1.36%,"145,484"
388,OGI,0.68%,5.00%,-26.87%,-43.02%,-54.06%,-16.00%,7.69%,6.68%,3.00,5.52M,0.59,1.46,-0.68%,"995,973"
389,OLB,-5.52%,-0.58%,-60.32%,-55.47%,-76.18%,-35.47%,12.64%,9.69%,1.50,2.14M,0.20,1.70,-0.58%,"132,145"
390,OMER,7.09%,26.11%,0.42%,-54.75%,-64.82%,10.42%,7.53%,7.23%,2.20,1.02M,1.06,6.68,-5.92%,"331,671"
391,OP,0.04%,-12.96%,-,-,-,-76.59%,9.42%,9.10%,-,1.24M,5.73,0.53,12.14%,"2,196,563"
392,ORC,-13.42%,-18.77%,-33.33%,-36.80%,-45.42%,-29.78%,6.22%,3.58%,2.00,5.14M,1.18,3.14,-0.63%,"1,873,376"
393,ORGN,9.11%,14.08%,-20.49%,-17.39%,-48.65%,-14.57%,6.24%,6.33%,2.50,1.11M,0.87,5.62,2.00%,"297,594"
394,OSCR,6.59%,17.42%,-21.47%,-52.29%,-,-7.26%,8.16%,7.22%,2.60,2.18M,1.30,6.99,-3.91%,"875,740"
395,OTLK,12.00%,21.74%,16.67%,-36.12%,-22.58%,23.53%,9.48%,7.63%,2.00,1.35M,0.98,1.73,2.98%,"409,402"
396,OUST,-3.82%,8.28%,-51.77%,-60.84%,-73.31%,-37.12%,8.52%,8.45%,1.50,2.51M,0.54,3.23,-1.22%,"420,187"
397,OXLC,-1.73%,-8.44%,-5.87%,4.09%,14.06%,-4.28%,2.57%,2.10%,1.50,1.59M,1.61,7.63,3.39%,"785,575"
398,PAVM,4.26%,-2.65%,-58.94%,-79.70%,-66.21%,-40.24%,11.21%,10.93%,2.00,1.75M,0.58,1.48,0.68%,"314,211"
399,PAYO,3.17%,-1.94%,-42.28%,-53.75%,-60.93%,-37.96%,9.05%,7.58%,1.90,2.43M,0.65,4.47,-2.08%,"489,365"
400,PBI,4.25%,-16.21%,-31.90%,-33.83%,-43.95%,-25.94%,4.94%,4.80%,2.20,2.39M,0.53,5.05,2.95%,"392,639"
401,PBTS,3.93%,-10.87%,-62.59%,-72.58%,-89.44%,-29.71%,9.00%,7.84%,2.00,4.12M,0.56,0.38,2.31%,"706,189"
402,PCT,22.92%,34.32%,-41.38%,-48.10%,-72.14%,-24.35%,12.34%,10.21%,1.70,1.03M,1.01,7.25,0.14%,"317,993"
403,PDI,3.43%,-2.12%,-4.27%,-13.58%,-13.92%,-5.71%,2.71%,1.65%,3.00,1.11M,1.45,24.72,1.19%,"496,093"
404,PETZ,19.16%,-3.60%,-91.10%,-81.59%,-86.30%,-89.29%,17.31%,12.25%,-,13.96M,0.79,0.40,-2.09%,"3,386,127"
405,PGEN,6.40%,-12.20%,-42.86%,-63.70%,-74.83%,-41.78%,7.75%,6.60%,2.00,1.65M,0.89,2.22,3.01%,"456,078"
406,PGRE,15.26%,26.44%,32.25%,24.43%,13.71%,31.29%,5.30%,3.60%,2.90,2.23M,1.02,10.88,-0.64%,"705,261"
407,PHUN,-10.67%,40.19%,-8.15%,176.42%,67.43%,11.41%,12.29%,12.93%,2.00,19.70M,0.89,2.83,-3.58%,"5,386,440"
408,PIK,-36.33%,-62.33%,-69.83%,-,-,-69.54%,17.49%,13.58%,2.00,1.41M,0.25,1.86,-2.62%,"108,929"
409,PIXY,-3.53%,-34.91%,-2.37%,-44.21%,-72.66%,-29.91%,12.54%,11.00%,-,7.89M,0.02,0.81,-0.63%,"46,532"
410,PL,11.61%,2.16%,-44.41%,-42.55%,-,-7.80%,9.72%,8.88%,2.00,4.00M,0.44,5.54,-2.29%,"547,593"
411,PLBY,-3.24%,4.06%,-62.12%,-40.03%,9.51%,-45.12%,10.90%,9.12%,1.70,1.49M,2.25,16.45,12.52%,"1,030,486"
412,PLYA,12.43%,30.14%,30.49%,33.80%,34.75%,19.05%,7.89%,4.87%,2.20,1.24M,0.62,9.48,-0.21%,"237,687"
413,PMT,1.23%,-9.86%,-13.97%,-18.54%,-17.07%,-9.75%,3.16%,3.17%,2.60,1.04M,0.59,15.84,1.28%,"189,258"
414,PPSI,0.83%,19.45%,-20.31%,44.76%,1.71%,-18.93%,8.48%,9.08%,-,2.11M,0.02,6.07,-0.16%,"15,893"
415,PRCH,-7.85%,-22.06%,-65.56%,-62.67%,-61.86%,-53.30%,12.39%,9.44%,1.60,1.71M,3.32,7.14,-1.92%,"1,750,013"
416,PROG,-7.91%,-5.19%,-58.97%,60.00%,-76.03%,-38.76%,13.64%,12.24%,2.50,13.79M,0.60,1.24,-3.26%,"2,570,274"
417,PRPL,1.06%,-25.49%,-46.99%,-77.19%,-84.88%,-56.82%,8.51%,7.60%,2.50,2.17M,3.53,6.30,10.03%,"2,358,996"
418,PRQR,-10.53%,-80.38%,-85.20%,-84.26%,-79.10%,-87.27%,8.50%,9.35%,1.60,1.60M,1.01,1.02,0.00%,"496,982"
419,PRTY,-4.26%,-10.60%,-30.53%,-39.10%,-48.60%,-27.29%,12.72%,9.12%,3.00,3.21M,0.91,4.22,4.20%,"904,377"
420,PRVB,-4.72%,50.48%,-4.57%,-3.40%,-51.36%,11.39%,8.73%,10.28%,2.00,1.03M,0.32,6.30,0.72%,"102,099"
421,PSTI,5.56%,4.91%,-35.96%,-42.23%,-72.15%,17.12%,9.33%,7.63%,2.00,1.51M,0.21,1.75,2.34%,"95,839"
422,PSTV,8.91%,11.51%,-26.67%,-41.18%,-59.41%,4.76%,10.64%,9.02%,-,3.39M,0.03,1.08,-2.07%,"35,099"
423,PTE,-8.02%,-17.88%,-14.15%,-45.10%,-73.29%,-33.56%,7.84%,10.17%,2.30,1.10M,0.26,0.40,1.31%,"88,818"
424,PTLO,2.54%,-4.11%,-43.73%,-,-,-36.55%,8.35%,7.56%,1.90,1.08M,0.40,23.67,-0.63%,"131,772"
425,PTN,7.89%,3.67%,-52.05%,-14.58%,-48.17%,-19.86%,6.50%,7.81%,1.30,3.00M,0.26,0.41,0.07%,"237,583"
426,PTPI,-6.38%,-18.52%,-67.00%,-43.10%,-61.40%,-60.36%,13.92%,9.91%,-,8.08M,0.04,1.37,3.41%,"108,779"
427,PTRA,0.86%,15.10%,-28.12%,-20.10%,-61.00%,-6.80%,10.24%,7.05%,2.30,2.51M,2.74,7.66,-6.93%,"2,125,050"
428,PUBM,-1.40%,15.07%,-35.03%,-7.72%,-62.62%,-25.55%,12.45%,9.01%,1.90,1.16M,2.42,24.46,-3.51%,"863,339"
429,PYR,0.50%,-9.46%,-37.77%,-51.45%,-71.29%,-24.15%,8.79%,9.13%,-,1.35M,0.02,2.01,-0.19%,"8,939"
430,QD,-9.71%,-9.09%,-44.37%,-52.42%,-64.74%,-18.49%,6.71%,6.41%,3.20,1.33M,0.86,0.85,8.15%,"352,578"
431,QLGN,-2.91%,-17.28%,-57.59%,-47.66%,-79.94%,-37.38%,12.76%,8.67%,2.00,2.43M,0.04,0.66,-0.81%,"30,682"
432,QNGY,5.08%,-59.73%,-66.90%,-66.70%,-68.48%,-66.93%,17.36%,26.78%,-,1.15M,1.29,3.20,-3.32%,"453,705"
433,QNRX,-2.50%,-5.65%,-73.77%,-94.11%,-91.78%,-35.71%,16.41%,11.72%,-,2.11M,0.11,1.19,1.71%,"68,212"
434,QSI,16.26%,4.42%,-24.84%,-50.00%,-65.50%,-40.03%,11.40%,9.91%,1.00,1.24M,0.57,4.50,-4.66%,"215,763"
435,QUOT,3.67%,-0.76%,-10.61%,-10.11%,-52.80%,-12.53%,5.81%,5.74%,2.20,1.13M,0.52,6.64,2.31%,"179,928"
436,RAD,-4.54%,-15.26%,-26.66%,-48.60%,-54.76%,-39.89%,5.51%,4.72%,3.50,2.51M,0.86,9.04,2.38%,"666,759"
437,RC,4.98%,7.78%,-3.85%,-1.90%,8.40%,-4.22%,3.94%,2.87%,1.90,1.05M,0.78,15.15,1.19%,"253,801"
438,RCAT,-6.01%,8.18%,-21.82%,-37.00%,-70.03%,-17.31%,5.93%,7.14%,2.00,1.25M,0.08,1.73,0.58%,"31,385"
439,RDUS,24.17%,21.55%,-47.38%,-36.64%,-53.78%,24.71%,8.20%,6.89%,3.20,1.41M,0.42,8.87,2.78%,"183,789"
440,REAL,7.64%,3.87%,-46.51%,-35.07%,-67.74%,-26.01%,15.41%,10.35%,2.10,3.27M,1.08,8.35,-2.79%,"1,087,178"
441,REE,-7.43%,-37.75%,-41.41%,-72.49%,-76.73%,-55.14%,9.91%,7.59%,2.20,1.33M,0.46,2.47,-0.80%,"189,026"
442,REI,11.99%,28.24%,22.01%,41.56%,51.39%,43.42%,6.82%,7.19%,2.30,2.03M,1.45,3.27,-0.15%,"908,714"
443,RELI,19.11%,33.40%,199.10%,134.04%,25.14%,3.57%,10.19%,13.77%,-,6.59M,0.13,6.87,3.00%,"263,068"
444,RENT,5.88%,11.20%,-60.55%,-,-,-29.33%,9.90%,10.38%,2.00,1.00M,0.29,5.97,3.65%,"89,232"
445,RES,6.27%,42.83%,101.67%,121.15%,39.08%,86.56%,6.35%,6.24%,3.10,1.02M,1.08,8.73,3.07%,"339,205"
446,RESN,0.92%,241.09%,110.53%,67.30%,-16.98%,157.31%,1.02%,4.79%,1.80,1.76M,1.66,4.39,-0.11%,"901,885"
447,RETA,32.23%,33.45%,-59.18%,-69.30%,-73.76%,26.01%,14.40%,8.76%,1.90,1.04M,0.66,32.00,-3.72%,"212,441"
448,RETO,0.81%,50.81%,27.18%,39.31%,-33.69%,-27.06%,11.28%,14.04%,-,1.94M,0.40,1.34,8.01%,"238,318"
449,RGLS,7.91%,1.60%,-42.46%,-70.24%,-83.21%,-28.57%,9.67%,8.59%,2.50,1.26M,5.05,0.26,15.51%,"1,966,782"
450,RGS,1.75%,20.83%,-37.63%,-68.13%,-86.19%,0.00%,8.45%,9.15%,2.50,1.56M,0.43,1.73,-0.57%,"208,790"
451,RIDE,-10.33%,9.80%,-43.49%,-58.42%,-86.94%,-22.03%,17.69%,11.54%,3.70,7.21M,3.00,2.41,-10.41%,"6,675,386"
452,RIGL,6.36%,4.58%,-7.04%,-33.95%,-41.70%,-5.28%,6.13%,5.21%,1.70,1.62M,1.66,2.79,11.16%,"829,361"
453,RMED,40.00%,-47.80%,-78.91%,-83.45%,-93.18%,-67.96%,34.62%,18.18%,2.00,4.10M,3.71,0.48,-3.96%,"4,692,035"
454,RMO,-9.09%,-9.57%,-57.71%,-66.27%,-86.70%,-53.42%,11.29%,10.37%,2.20,4.38M,3.61,1.54,-9.44%,"4,871,212"
455,RMTI,-4.01%,-13.04%,-25.84%,-49.62%,-76.92%,-19.51%,6.94%,9.10%,2.00,1.86M,0.06,0.34,3.09%,"36,125"
456,ROOT,12.99%,-2.25%,-57.25%,-72.77%,-87.16%,-43.87%,15.30%,10.44%,2.90,3.93M,0.75,1.66,-4.31%,"904,521"
457,RRD,0.84%,-1.09%,17.06%,132.62%,218.82%,-3.73%,0.42%,0.77%,2.00,1.96M,0.22,10.84,0.00%,0
458,RSKD,10.38%,12.92%,-23.94%,-77.59%,-,-6.62%,11.52%,8.24%,2.40,1.17M,1.09,6.90,-5.99%,"390,140"
459,RWT,0.00%,-13.94%,-23.68%,-18.00%,2.50%,-22.29%,3.65%,3.12%,1.70,1.29M,0.79,10.37,1.17%,"313,346"
460,RXRX,5.91%,0.28%,-43.31%,-56.26%,-,-37.19%,8.85%,8.27%,2.00,1.46M,0.18,10.83,0.65%,"82,890"
461,SAND,9.43%,27.44%,19.07%,18.88%,15.73%,19.84%,5.14%,4.11%,2.80,1.99M,1.15,7.34,-1.28%,"705,097"
462,SAVA,-3.23%,1.06%,-26.46%,-24.58%,-22.08%,-8.08%,10.12%,9.90%,2.00,2.51M,0.32,40.30,0.32%,"243,476"
463,SB,-6.79%,17.38%,8.71%,-1.20%,44.06%,9.28%,5.35%,5.60%,2.40,1.28M,0.55,4.25,3.16%,"217,250"
464,SBEV,-14.73%,-17.29%,72.77%,34.15%,-42.11%,182.53%,11.00%,13.97%,-,4.77M,0.21,3.56,7.88%,"312,910"
465,SBH,-3.25%,-2.23%,-17.64%,-11.00%,-7.18%,-9.70%,4.96%,4.68%,2.50,1.30M,2.26,17.88,7.26%,"904,462"
466,SDC,-7.69%,-15.35%,-34.82%,-61.80%,-82.17%,-13.19%,8.41%,9.68%,3.40,8.05M,1.01,1.96,-3.92%,"2,506,307"
467,SEAC,-3.17%,7.96%,45.19%,16.19%,1.67%,-23.75%,12.23%,10.53%,2.50,14.15M,0.14,1.22,0.00%,"626,751"
468,SEEL,-0.96%,-3.74%,-40.80%,-50.95%,-65.89%,-36.81%,9.41%,8.59%,1.70,2.24M,0.55,1.03,0.00%,"377,762"
469,SELB,-4.66%,-22.03%,-37.63%,-57.31%,-56.40%,-43.56%,7.45%,6.66%,1.60,1.11M,0.24,1.83,-0.54%,"80,929"
470,SENS,5.36%,-25.94%,-44.34%,-53.54%,-46.20%,-33.71%,12.52%,11.91%,2.60,13.82M,0.88,1.84,3.95%,"3,746,371"
471,SESN,-3.08%,-12.37%,-42.69%,-33.36%,-76.05%,-24.76%,8.52%,6.40%,2.30,2.73M,0.62,0.62,0.39%,"522,697"
472,SFIX,2.39%,-16.61%,-52.94%,-70.45%,-83.96%,-34.46%,8.83%,7.90%,2.90,3.93M,0.88,12.08,-2.58%,"1,071,572"
473,SFT,1.17%,-13.07%,-62.06%,-76.56%,-81.36%,-49.27%,16.83%,11.29%,1.90,3.90M,0.84,1.75,1.45%,"1,006,065"
474,SGH,-4.95%,-1.42%,-7.15%,12.70%,11.38%,-23.76%,5.41%,4.79%,1.70,1.07M,0.27,28.33,4.69%,"89,733"
475,SGLY,1.29%,79.64%,105.83%,130.72%,30.74%,48.01%,12.39%,14.86%,-,1.10M,0.51,6.84,-3.12%,"173,399"
476,SGMA,1.25%,6.46%,-2.30%,31.38%,50.75%,-21.78%,6.96%,6.48%,-,1.73M,0.04,8.08,0.00%,"21,744"
477,SGMO,2.44%,2.98%,-28.47%,-40.49%,-49.44%,-21.60%,6.77%,5.60%,2.10,1.43M,0.37,5.89,0.17%,"163,703"
478,SHCR,0.68%,-1.33%,-52.87%,-60.00%,-72.49%,-34.08%,7.93%,7.59%,1.30,1.51M,0.56,2.88,-2.70%,"261,388"
479,SHIP,-5.88%,12.00%,16.81%,-13.18%,-8.94%,21.95%,5.57%,5.48%,2.20,3.54M,1.37,1.17,4.23%,"1,496,818"
480,SKLZ,-17.73%,-31.25%,-68.74%,-71.95%,-91.04%,-60.08%,14.50%,11.38%,2.10,15.22M,0.86,2.86,-3.87%,"4,053,894"
481,SLCA,25.38%,48.99%,40.80%,58.74%,4.30%,49.79%,9.63%,6.56%,2.80,1.08M,1.21,14.06,-0.11%,"402,631"
482,SLDB,-11.10%,-30.77%,-55.87%,-70.26%,-92.51%,-54.11%,10.24%,8.21%,2.50,1.33M,0.27,0.81,0.93%,"110,958"
483,SLDP,6.47%,23.91%,-40.81%,-25.30%,-,-15.22%,10.55%,10.22%,-,2.30M,0.28,7.34,-0.88%,"201,605"
484,SLGC,4.85%,14.79%,-23.50%,-12.44%,-,-21.99%,6.94%,6.94%,1.30,1.10M,0.38,9.10,0.28%,"127,936"
485,SLI,3.49%,-11.40%,-42.88%,13.50%,113.11%,-36.60%,7.47%,8.80%,-,2.26M,0.47,6.19,-0.53%,"328,906"
486,SLQT,-2.78%,-60.78%,-68.15%,-68.50%,-90.20%,-69.09%,10.17%,11.38%,2.40,2.71M,2.37,2.63,-6.07%,"1,979,326"
487,SMFR,5.83%,12.38%,-47.65%,-60.66%,-82.53%,-22.65%,7.17%,7.25%,1.50,1.80M,0.31,3.42,-0.87%,"173,498"
488,SNAX,9.13%,1.54%,-31.69%,-65.80%,-74.61%,-33.42%,16.63%,9.94%,2.00,1.04M,0.35,2.70,2.66%,"111,393"
489,SNDL,-3.46%,11.49%,-20.39%,-32.28%,-63.37%,-12.59%,8.25%,8.54%,3.20,81.76M,0.81,0.52,2.87%,"20,322,772"
490,SNMP,59.74%,44.17%,-36.78%,-50.89%,-52.59%,-6.59%,21.68%,14.79%,2.00,1.33M,0.68,0.55,0.45%,"277,276"
491,SOL,19.42%,26.73%,-12.29%,-12.29%,-57.47%,4.19%,9.72%,6.95%,2.00,1.41M,0.71,5.99,-3.54%,"310,231"
492,SOLO,2.09%,9.55%,-35.22%,-44.29%,-68.29%,-14.47%,10.06%,7.73%,1.70,2.64M,0.79,1.99,1.79%,"642,166"
493,SONN,4.41%,2.71%,-47.57%,-45.80%,-86.83%,-26.65%,9.29%,7.92%,1.70,1.18M,8.45,0.35,15.51%,"3,064,909"
494,SOPA,-13.77%,-45.16%,-76.01%,-,-,-77.14%,13.61%,15.39%,-,9.99M,0.08,2.40,0.84%,"242,175"
495,SOS,-11.05%,13.01%,-45.28%,-73.36%,-89.54%,-13.49%,11.55%,12.78%,5.00,8.37M,0.78,0.70,-2.00%,"2,021,493"
496,SPCB,7.45%,21.57%,-14.82%,-47.01%,-56.64%,11.71%,19.24%,10.31%,2.00,1.30M,0.52,0.60,-2.44%,"208,865"
497,SPIR,-12.70%,-7.39%,-52.56%,-77.27%,-79.60%,-36.98%,9.76%,9.97%,2.20,1.11M,0.63,2.16,1.64%,"216,500"
498,SPPI,-0.78%,8.23%,-52.45%,-67.33%,-78.60%,-40.84%,11.46%,10.46%,2.20,5.92M,0.54,0.72,-4.02%,"979,264"
499,SPRB,0.48%,-10.97%,-18.22%,-71.60%,-89.05%,-52.69%,9.22%,8.62%,2.10,4.06M,0.04,2.12,0.47%,"46,959"
500,SPWH,10.42%,7.52%,-33.26%,-35.91%,-32.61%,-3.05%,4.56%,3.76%,2.50,1.60M,0.51,11.73,2.53%,"251,444"
501,SRGA,4.81%,-47.36%,-55.27%,-76.21%,-87.34%,-53.18%,9.39%,8.12%,2.00,3.62M,0.59,0.32,-5.19%,"657,910"
502,SRNE,-12.23%,-17.57%,-58.57%,-72.46%,-74.15%,-47.53%,7.49%,7.83%,2.00,6.92M,0.82,2.45,0.61%,"1,743,733"
503,SRRA,1.82%,20.39%,35.70%,55.71%,116.06%,46.69%,8.87%,8.92%,1.60,1.16M,0.12,31.31,-1.83%,"43,038"
504,STEM,-5.66%,-17.58%,-55.21%,-62.62%,-70.88%,-50.82%,14.39%,8.67%,1.80,4.14M,0.99,8.93,-4.33%,"1,267,575"
505,STNG,8.66%,30.17%,25.64%,12.46%,10.91%,38.10%,6.90%,5.33%,2.00,1.01M,1.11,17.47,-1.24%,"344,319"
506,STRN,9.46%,-25.35%,-54.37%,-,-,-73.22%,12.19%,11.76%,-,2.90M,0.11,1.62,-0.29%,"101,362"
507,SUMO,2.58%,6.24%,-17.11%,-42.86%,-59.59%,-12.09%,6.35%,5.50%,2.50,1.10M,0.40,11.71,-1.76%,"137,074"
508,SUNL,27.38%,62.12%,-1.38%,-21.90%,-61.48%,-10.46%,8.61%,7.52%,1.80,1.48M,0.51,4.12,-3.74%,"234,726"
509,SUNW,37.37%,27.32%,-44.94%,-65.15%,-81.32%,-14.98%,13.01%,10.48%,3.00,1.33M,2.14,2.56,-1.92%,"879,880"
510,SVC,-8.17%,2.11%,-8.17%,-27.41%,-31.98%,-6.60%,6.40%,5.32%,3.00,1.55M,0.61,8.39,2.19%,"292,210"
511,SVM,11.58%,25.40%,-3.66%,-8.56%,-30.94%,5.05%,5.94%,4.98%,-,1.29M,1.10,3.87,-2.03%,"436,702"
512,SWBI,8.62%,5.10%,-21.20%,-27.79%,1.04%,-1.63%,4.34%,3.32%,2.60,1.15M,0.60,17.82,1.77%,"211,865"
513,SXTC,4.85%,-20.53%,-76.84%,-84.82%,-91.68%,-73.40%,31.60%,15.99%,-,3.82M,41.25,0.26,49.02%,"48,582,455"
514,SYN,-0.65%,5.00%,-29.39%,-49.31%,-63.37%,-10.51%,9.40%,11.86%,2.00,1.93M,0.72,0.26,6.32%,"430,243"
515,SYTA,11.11%,-0.83%,-64.91%,-68.25%,-88.69%,-67.57%,13.63%,9.36%,-,5.19M,0.50,1.17,-2.08%,"793,079"
516,TACO,0.24%,0.00%,61.63%,45.63%,10.81%,0.48%,0.17%,0.24%,3.00,1.36M,0.61,12.51,0.00%,"257,643"
517,TAL,-13.99%,9.06%,-42.20%,-42.66%,-96.32%,-26.46%,13.33%,11.02%,3.00,11.72M,0.67,2.71,-6.23%,"2,418,438"
518,TALK,16.67%,15.83%,-27.80%,-69.04%,-84.77%,-18.27%,8.05%,7.80%,2.50,1.18M,2.33,1.58,-2.17%,"847,007"
519,TALO,39.58%,66.41%,65.28%,40.95%,63.71%,74.90%,9.20%,6.97%,1.80,1.32M,1.89,16.84,-1.75%,"771,104"
520,TBLT,12.25%,-34.59%,-55.96%,-68.66%,-84.34%,-52.79%,11.95%,11.04%,2.00,3.38M,8.64,0.19,11.09%,"8,996,035"
521,TBPH,12.31%,19.75%,34.49%,24.88%,-42.96%,-5.07%,8.31%,6.61%,2.80,1.46M,0.40,10.61,1.14%,"181,750"
522,TCRT,21.84%,10.04%,-23.22%,-39.61%,-80.47%,-9.14%,15.08%,13.65%,-,2.27M,0.61,0.95,-3.99%,"426,701"
523,TDS,-0.06%,-13.86%,-6.42%,-14.59%,-6.06%,-14.59%,4.48%,3.99%,2.20,1.33M,0.25,17.63,2.44%,"100,316"
524,TDUP,8.23%,-3.14%,-56.65%,-58.66%,-,-37.15%,10.95%,9.42%,1.90,1.17M,0.43,8.25,2.87%,"156,819"
525,TEN,90.78%,88.70%,73.88%,15.74%,65.42%,68.50%,1.56%,3.95%,2.70,1.56M,3.83,19.08,0.21%,"1,839,407"
526,TGB,3.21%,4.32%,-9.81%,9.66%,11.56%,-5.85%,4.96%,4.39%,2.00,1.91M,0.88,1.98,2.60%,"519,792"
527,TGTX,2.18%,5.76%,-55.95%,-61.48%,-77.06%,-45.84%,7.64%,8.12%,2.00,2.39M,0.68,10.49,1.94%,"500,740"
528,TIGR,9.71%,17.40%,-25.54%,-66.29%,-80.97%,-7.94%,9.17%,8.08%,1.90,3.97M,1.03,4.31,-4.65%,"1,265,984"
529,TISI,-4.43%,51.35%,-37.55%,-79.04%,-91.93%,-18.06%,18.27%,18.28%,2.00,1.88M,0.31,0.88,-1.09%,"180,195"
530,TKAT,-10.84%,-17.47%,-57.55%,-78.82%,-31.69%,-45.19%,10.03%,9.92%,-,1.43M,0.10,2.22,-0.00%,"44,975"
531,TKLF,-7.79%,-33.82%,-,-,-,-92.97%,12.16%,12.27%,-,5.02M,0.15,2.10,-6.63%,"228,391"
532,TLMD,0.34%,381.05%,38.39%,9.77%,-62.76%,128.13%,1.52%,4.10%,1.80,1.23M,0.25,2.92,0.17%,"94,000"
533,TMC,3.87%,29.84%,-47.56%,-83.87%,-84.59%,-22.60%,9.44%,10.29%,2.70,1.51M,0.77,1.50,-6.52%,"356,212"
534,TNXP,3.36%,-15.85%,-60.62%,-72.89%,-84.60%,-47.47%,10.28%,9.74%,2.00,16.82M,1.75,0.20,5.43%,"9,076,106"
535,TPIC,43.16%,24.71%,-23.75%,-64.30%,-71.17%,-6.22%,16.56%,8.84%,2.60,1.19M,1.35,12.44,-11.33%,"495,732"
536,TTMI,1.14%,-5.78%,-11.87%,-11.93%,-12.12%,-16.78%,2.69%,3.81%,1.80,1.07M,0.51,12.73,2.66%,"169,279"
537,TTOO,-6.32%,12.59%,-32.33%,-54.98%,-80.90%,-17.86%,8.52%,9.58%,1.70,1.79M,0.42,0.41,-4.10%,"232,542"
538,TWO,-0.40%,-9.52%,-16.28%,-23.17%,-30.19%,-12.65%,3.70%,3.12%,2.80,4.93M,0.52,5.09,0.99%,"789,530"
539,TWOU,10.79%,-26.21%,-53.89%,-70.61%,-73.51%,-46.29%,8.22%,9.51%,1.90,2.55M,0.58,10.47,-2.88%,"457,221"
540,TXMD,4.01%,-20.42%,-60.38%,-71.85%,-84.44%,-36.54%,13.06%,9.95%,2.00,6.67M,0.65,0.22,-0.62%,"1,332,905"
541,TYME,0.96%,-1.93%,-56.99%,-71.36%,-84.25%,-47.77%,8.75%,8.59%,2.00,1.13M,1.00,0.31,-0.54%,"350,940"
542,UAVS,16.96%,0.00%,-50.45%,-67.26%,-86.39%,-29.94%,13.14%,9.32%,-,1.94M,1.62,1.08,-1.82%,"967,927"
543,UBX,-8.25%,-23.84%,-60.09%,-73.98%,-88.71%,-43.14%,12.48%,10.25%,2.00,1.05M,0.60,0.81,-2.29%,"192,103"
544,UEC,35.22%,63.45%,-5.13%,69.58%,71.01%,21.49%,12.86%,9.09%,1.60,9.68M,1.91,4.05,-0.61%,"5,713,560"
545,UP,0.00%,0.59%,-25.22%,-49.85%,-68.04%,-26.51%,7.33%,7.41%,2.40,2.59M,0.81,3.40,-0.32%,"647,958"
546,URG,33.33%,40.54%,0.65%,28.93%,30.00%,27.87%,8.55%,6.86%,-,2.48M,2.79,1.63,4.81%,"2,130,820"
547,USA,0.14%,-5.17%,-14.35%,-14.76%,-4.02%,-14.56%,3.40%,2.41%,-,1.46M,1.37,7.34,2.49%,"615,644"
548,UUUU,34.51%,44.48%,-9.80%,63.67%,35.38%,9.83%,9.01%,6.91%,2.00,3.02M,2.63,8.55,2.03%,"2,447,892"
549,UXIN,-1.79%,-1.79%,-56.35%,-70.68%,-18.83%,-37.84%,11.87%,9.74%,3.00,1.06M,0.40,0.99,0.37%,"131,270"
550,VBIV,4.29%,-8.75%,-48.41%,-58.87%,-56.02%,-37.61%,11.09%,7.72%,1.00,2.94M,0.23,1.47,0.68%,"211,822"
551,VCNX,3.82%,20.35%,-16.56%,-41.38%,-61.03%,30.77%,7.49%,14.45%,1.00,1.30M,0.06,1.33,-2.21%,"22,250"
552,VEON,-71.85%,-73.43%,-78.53%,-82.41%,-78.41%,-77.78%,30.13%,10.96%,2.10,7.88M,9.35,0.47,24.71%,"22,709,304"
553,VERU,2.58%,17.30%,-25.77%,-36.09%,-60.31%,-5.60%,7.56%,7.09%,1.60,1.37M,0.24,5.53,-0.54%,"101,222"
554,VGR,0.00%,-1.51%,-28.98%,-25.50%,-19.45%,-3.31%,2.91%,2.50%,2.00,1.15M,0.65,11.64,4.82%,"229,231"
555,VIEW,-4.50%,-1.76%,-46.78%,-54.77%,-77.47%,-42.97%,15.63%,10.70%,2.50,1.65M,0.26,2.09,-6.27%,"133,123"
556,VINE,-9.74%,0.72%,-,-,-,-18.24%,8.82%,9.58%,-,1.27M,0.04,4.09,-1.92%,"17,475"
557,VKTX,-2.38%,-8.38%,-38.35%,-49.85%,-52.19%,-28.70%,6.36%,5.78%,1.60,1.10M,0.44,3.31,0.91%,"148,363"
558,VLDR,-5.77%,-0.55%,-34.96%,-45.19%,-77.56%,-22.63%,8.85%,8.78%,2.70,5.14M,0.82,3.43,-4.33%,"1,303,375"
559,VLTA,-7.89%,-3.45%,-59.38%,-56.43%,-64.88%,-42.78%,12.82%,9.82%,2.20,2.09M,1.85,4.14,-1.55%,"1,193,304"
560,VNET,2.40%,-9.87%,-26.81%,-59.12%,-79.50%,-15.06%,12.26%,9.56%,1.70,2.66M,0.64,7.33,-4.43%,"525,194"
561,VRAY,18.29%,0.98%,-21.14%,-29.23%,-8.20%,-24.86%,7.75%,6.45%,1.70,1.53M,0.64,4.16,0.60%,"301,972"
562,VRM,-45.65%,-53.97%,-77.95%,-88.10%,-93.21%,-69.88%,17.96%,11.43%,2.10,5.21M,9.69,3.07,-5.62%,"15,560,943"
563,VSTM,-0.83%,-16.67%,-53.67%,-55.06%,-49.58%,-41.46%,9.30%,8.17%,1.70,1.65M,0.49,1.21,0.83%,"250,177"
564,VTGN,0.74%,-11.04%,-26.34%,-53.40%,-42.68%,-29.74%,7.93%,7.72%,1.20,1.24M,0.26,1.39,1.82%,"101,114"
565,VTNR,32.93%,77.96%,34.55%,-9.56%,296.41%,46.14%,10.68%,9.87%,1.70,2.47M,1.35,6.55,-1.13%,"1,025,667"
566,VUZI,3.01%,-6.17%,-51.25%,-56.31%,-75.92%,-36.91%,10.48%,8.00%,2.00,2.17M,1.35,5.30,-3.02%,"902,325"
567,VVOS,4.72%,42.57%,34.98%,-32.12%,-50.97%,57.78%,13.93%,11.33%,2.00,2.25M,0.07,3.56,0.21%,"48,803"
568,VXRT,5.56%,7.63%,-34.57%,-44.05%,-30.81%,-21.21%,12.34%,7.90%,2.00,3.00M,0.67,4.99,1.01%,"620,904"
569,VYNE,5.49%,-1.86%,-44.51%,-67.36%,-92.38%,-45.60%,8.82%,8.41%,2.00,2.99M,0.08,0.56,0.92%,"77,949"
570,WETF,-2.00%,-3.57%,-14.01%,-13.88%,-6.25%,-11.76%,4.58%,3.08%,2.70,1.11M,0.33,5.55,2.69%,"113,652"
571,WIMI,3.07%,2.28%,-35.34%,-35.80%,-70.21%,-11.51%,7.85%,6.72%,2.00,1.46M,0.66,2.63,-2.23%,"295,586"
572,WISH,10.73%,-1.73%,-42.68%,-68.38%,-87.94%,-27.01%,10.45%,9.86%,3.00,23.32M,1.28,2.12,-6.39%,"9,216,775"
573,WKHS,23.43%,28.97%,-36.50%,-61.52%,-76.81%,-14.22%,13.27%,10.02%,2.50,6.15M,2.44,3.56,-4.95%,"4,620,145"
574,WPRT,6.12%,-12.36%,-35.54%,-59.69%,-84.38%,-34.18%,8.10%,7.16%,2.50,1.87M,0.42,1.57,0.64%,"240,553"
575,WTER,1.88%,-17.37%,-30.80%,-54.73%,-29.66%,-27.87%,10.73%,7.54%,2.00,1.24M,0.17,0.86,0.86%,"65,365"
576,WTI,22.54%,22.54%,43.94%,57.23%,58.70%,58.20%,6.01%,5.70%,1.50,2.57M,3.59,5.24,2.64%,"2,848,352"
577,WTRH,29.82%,-4.84%,-49.73%,-58.69%,-83.85%,-27.99%,16.74%,9.15%,1.70,3.26M,0.68,0.52,-2.35%,"684,464"
578,WW,-5.60%,-22.50%,-41.51%,-57.00%,-72.17%,-40.42%,6.58%,5.26%,2.50,1.49M,2.95,10.62,10.51%,"1,357,631"
579,XCUR,22.61%,34.38%,-55.83%,-84.34%,-90.75%,3.86%,15.22%,14.32%,2.50,10.21M,4.50,0.24,13.43%,"14,176,812"
580,XELA,-12.40%,-3.26%,-54.56%,-73.53%,-73.41%,-30.60%,8.88%,12.48%,2.00,37.85M,0.31,0.60,-0.76%,"3,653,290"
581,XERS,0.00%,14.98%,16.67%,-13.45%,-53.33%,-18.77%,8.22%,7.48%,1.60,3.10M,0.29,2.38,0.00%,"280,390"
582,XL,1.66%,-4.17%,-58.56%,-72.66%,-88.46%,-44.41%,12.77%,9.74%,3.00,3.34M,2.30,2.09,13.32%,"2,367,730"
583,XSPA,-5.31%,-20.15%,-37.06%,-39.89%,-40.56%,-47.03%,7.28%,6.05%,-,2.47M,0.38,1.07,0.00%,"291,732"
584,XXII,1.82%,9.80%,-12.50%,-35.26%,-25.58%,-27.51%,9.76%,8.37%,2.00,4.07M,0.36,2.32,3.57%,"453,824"
585,YEXT,-1.37%,-4.89%,-27.49%,-46.71%,-59.37%,-27.42%,5.44%,4.97%,2.60,1.49M,0.77,7.18,-0.21%,"352,687"
586,YSG,-5.04%,-0.75%,-53.85%,-71.61%,-93.16%,-38.60%,7.62%,8.72%,2.40,3.61M,0.44,1.32,-0.38%,"486,180"
587,ZEV,12.03%,27.64%,-27.66%,-38.61%,-57.69%,-11.65%,9.29%,9.72%,2.00,1.41M,0.15,5.46,2.82%,"65,544"
588,ZGNX,0.80%,1.31%,131.23%,80.42%,29.03%,62.22%,0.75%,0.80%,1.70,2.67M,0.37,26.40,0.15%,"302,025"
589,ZH,-4.97%,-11.20%,-55.60%,-66.15%,-,-41.34%,7.74%,7.72%,1.90,2.32M,0.92,3.08,-5.26%,"661,467"
590,ZOM,8.29%,37.83%,-4.83%,-35.47%,-81.15%,30.41%,17.58%,12.96%,2.00,17.65M,1.42,0.37,-7.01%,"7,711,192"
591,ZSAN,24.62%,-61.43%,-72.54%,-76.00%,-87.04%,-65.53%,18.57%,10.61%,1.70,6.78M,2.42,0.17,5.56%,"5,067,545"
592,ZUO,4.04%,-3.18%,-23.68%,-10.63%,-0.52%,-18.58%,7.24%,5.23%,2.20,1.05M,0.54,15.25,0.26%,"173,699"
593,ZY,1.60%,-20.34%,-59.96%,-70.77%,-,-43.20%,7.82%,7.72%,3.40,1.13M,0.53,3.71,-2.37%,"185,432"
594,ZYME,-2.55%,-18.46%,-64.45%,-78.83%,-81.18%,-57.96%,8.60%,7.49%,2.00,1.04M,0.75,6.80,-1.23%,"239,069"
